ISO-10303-21;
HEADER;
/* Generated by software containing ST-Developer
 * from STEP Tools, Inc. (www.steptools.com) 
 */

FILE_DESCRIPTION(
/* description */ (''),
/* implementation_level */ '2;1');

FILE_NAME(
/* name */ 'DPS-3005-Case-Flat.step',
/* time_stamp */ '2025-05-02T21:41:37+02:00',
/* author */ (''),
/* organization */ (''),
/* preprocessor_version */ 'ST-DEVELOPER v20.1',
/* originating_system */ 'Autodesk Translation Framework v14.4.0.0',
/* authorisation */ '');

FILE_SCHEMA (('AUTOMOTIVE_DESIGN { 1 0 10303 214 3 1 1 }'));
ENDSEC;

DATA;
#10=MECHANICAL_DESIGN_GEOMETRIC_PRESENTATION_REPRESENTATION('',(#13,#14),
#4128);
#11=SHAPE_REPRESENTATION_RELATIONSHIP('SRR','None',#4135,#12);
#12=ADVANCED_BREP_SHAPE_REPRESENTATION('',(#15,#16),#4127);
#13=STYLED_ITEM('',(#4144),#15);
#14=STYLED_ITEM('',(#4144),#16);
#15=MANIFOLD_SOLID_BREP('Front Part',#2469);
#16=MANIFOLD_SOLID_BREP('Back Plate',#2470);
#17=SPHERICAL_SURFACE('',#2531,1.);
#18=SPHERICAL_SURFACE('',#2536,1.);
#19=SPHERICAL_SURFACE('',#2541,1.);
#20=SPHERICAL_SURFACE('',#2543,1.);
#21=SPHERICAL_SURFACE('',#2687,1.);
#22=SPHERICAL_SURFACE('',#2692,1.);
#23=SPHERICAL_SURFACE('',#2697,1.);
#24=SPHERICAL_SURFACE('',#2699,1.);
#25=FACE_BOUND('',#288,.T.);
#26=FACE_BOUND('',#289,.T.);
#27=FACE_BOUND('',#290,.T.);
#28=FACE_BOUND('',#291,.T.);
#29=FACE_BOUND('',#292,.T.);
#30=FACE_BOUND('',#313,.T.);
#31=FACE_BOUND('',#314,.T.);
#32=FACE_BOUND('',#315,.T.);
#33=FACE_BOUND('',#329,.T.);
#34=FACE_BOUND('',#331,.T.);
#35=FACE_BOUND('',#333,.T.);
#36=FACE_BOUND('',#335,.T.);
#37=FACE_BOUND('',#338,.T.);
#38=FACE_BOUND('',#342,.T.);
#39=FACE_BOUND('',#346,.T.);
#40=FACE_BOUND('',#350,.T.);
#41=FACE_BOUND('',#354,.T.);
#42=FACE_BOUND('',#355,.T.);
#43=FACE_BOUND('',#364,.T.);
#44=FACE_BOUND('',#395,.T.);
#45=FACE_BOUND('',#398,.T.);
#46=FACE_BOUND('',#404,.T.);
#47=FACE_BOUND('',#414,.T.);
#48=FACE_BOUND('',#437,.T.);
#49=FACE_BOUND('',#438,.T.);
#50=FACE_BOUND('',#439,.T.);
#51=FACE_BOUND('',#440,.T.);
#52=FACE_BOUND('',#441,.T.);
#53=FACE_BOUND('',#442,.T.);
#54=FACE_BOUND('',#448,.T.);
#55=FACE_BOUND('',#449,.T.);
#56=FACE_BOUND('',#450,.T.);
#57=FACE_BOUND('',#451,.T.);
#58=FACE_BOUND('',#452,.T.);
#59=FACE_BOUND('',#453,.T.);
#60=PLANE('',#2499);
#61=PLANE('',#2546);
#62=PLANE('',#2548);
#63=PLANE('',#2549);
#64=PLANE('',#2556);
#65=PLANE('',#2558);
#66=PLANE('',#2562);
#67=PLANE('',#2565);
#68=PLANE('',#2568);
#69=PLANE('',#2571);
#70=PLANE('',#2572);
#71=PLANE('',#2573);
#72=PLANE('',#2574);
#73=PLANE('',#2575);
#74=PLANE('',#2576);
#75=PLANE('',#2577);
#76=PLANE('',#2578);
#77=PLANE('',#2579);
#78=PLANE('',#2580);
#79=PLANE('',#2581);
#80=PLANE('',#2582);
#81=PLANE('',#2583);
#82=PLANE('',#2584);
#83=PLANE('',#2585);
#84=PLANE('',#2586);
#85=PLANE('',#2587);
#86=PLANE('',#2588);
#87=PLANE('',#2590);
#88=PLANE('',#2595);
#89=PLANE('',#2605);
#90=PLANE('',#2606);
#91=PLANE('',#2611);
#92=PLANE('',#2612);
#93=PLANE('',#2613);
#94=PLANE('',#2614);
#95=PLANE('',#2615);
#96=PLANE('',#2616);
#97=PLANE('',#2617);
#98=PLANE('',#2618);
#99=PLANE('',#2621);
#100=PLANE('',#2626);
#101=PLANE('',#2628);
#102=PLANE('',#2630);
#103=PLANE('',#2632);
#104=PLANE('',#2634);
#105=PLANE('',#2635);
#106=PLANE('',#2636);
#107=PLANE('',#2637);
#108=PLANE('',#2638);
#109=PLANE('',#2639);
#110=PLANE('',#2640);
#111=PLANE('',#2641);
#112=PLANE('',#2642);
#113=PLANE('',#2643);
#114=PLANE('',#2647);
#115=PLANE('',#2649);
#116=PLANE('',#2650);
#117=PLANE('',#2651);
#118=PLANE('',#2652);
#119=PLANE('',#2653);
#120=PLANE('',#2654);
#121=PLANE('',#2655);
#122=PLANE('',#2656);
#123=PLANE('',#2657);
#124=PLANE('',#2658);
#125=PLANE('',#2659);
#126=PLANE('',#2660);
#127=PLANE('',#2661);
#128=PLANE('',#2662);
#129=PLANE('',#2663);
#130=PLANE('',#2664);
#131=PLANE('',#2665);
#132=PLANE('',#2666);
#133=PLANE('',#2703);
#134=PLANE('',#2706);
#135=PLANE('',#2707);
#136=PLANE('',#2710);
#137=PLANE('',#2713);
#138=PLANE('',#2714);
#139=CONICAL_SURFACE('',#2496,2.7,0.785398163397448);
#140=CONICAL_SURFACE('',#2513,2.7,0.785398163397448);
#141=CONICAL_SURFACE('',#2517,2.7,0.785398163397448);
#142=CONICAL_SURFACE('',#2521,2.7,0.785398163397448);
#143=CONICAL_SURFACE('',#2599,6.6,0.785398163397447);
#144=CONICAL_SURFACE('',#2602,6.6,0.785398163397447);
#145=FACE_OUTER_BOUND('',#282,.T.);
#146=FACE_OUTER_BOUND('',#283,.T.);
#147=FACE_OUTER_BOUND('',#284,.T.);
#148=FACE_OUTER_BOUND('',#285,.T.);
#149=FACE_OUTER_BOUND('',#286,.T.);
#150=FACE_OUTER_BOUND('',#287,.T.);
#151=FACE_OUTER_BOUND('',#293,.T.);
#152=FACE_OUTER_BOUND('',#294,.T.);
#153=FACE_OUTER_BOUND('',#295,.T.);
#154=FACE_OUTER_BOUND('',#296,.T.);
#155=FACE_OUTER_BOUND('',#297,.T.);
#156=FACE_OUTER_BOUND('',#298,.T.);
#157=FACE_OUTER_BOUND('',#299,.T.);
#158=FACE_OUTER_BOUND('',#300,.T.);
#159=FACE_OUTER_BOUND('',#301,.T.);
#160=FACE_OUTER_BOUND('',#302,.T.);
#161=FACE_OUTER_BOUND('',#303,.T.);
#162=FACE_OUTER_BOUND('',#304,.T.);
#163=FACE_OUTER_BOUND('',#305,.T.);
#164=FACE_OUTER_BOUND('',#306,.T.);
#165=FACE_OUTER_BOUND('',#307,.T.);
#166=FACE_OUTER_BOUND('',#308,.T.);
#167=FACE_OUTER_BOUND('',#309,.T.);
#168=FACE_OUTER_BOUND('',#310,.T.);
#169=FACE_OUTER_BOUND('',#311,.T.);
#170=FACE_OUTER_BOUND('',#312,.T.);
#171=FACE_OUTER_BOUND('',#316,.T.);
#172=FACE_OUTER_BOUND('',#317,.T.);
#173=FACE_OUTER_BOUND('',#318,.T.);
#174=FACE_OUTER_BOUND('',#319,.T.);
#175=FACE_OUTER_BOUND('',#320,.T.);
#176=FACE_OUTER_BOUND('',#321,.T.);
#177=FACE_OUTER_BOUND('',#322,.T.);
#178=FACE_OUTER_BOUND('',#323,.T.);
#179=FACE_OUTER_BOUND('',#324,.T.);
#180=FACE_OUTER_BOUND('',#325,.T.);
#181=FACE_OUTER_BOUND('',#326,.T.);
#182=FACE_OUTER_BOUND('',#327,.T.);
#183=FACE_OUTER_BOUND('',#328,.T.);
#184=FACE_OUTER_BOUND('',#330,.T.);
#185=FACE_OUTER_BOUND('',#332,.T.);
#186=FACE_OUTER_BOUND('',#334,.T.);
#187=FACE_OUTER_BOUND('',#336,.T.);
#188=FACE_OUTER_BOUND('',#337,.T.);
#189=FACE_OUTER_BOUND('',#339,.T.);
#190=FACE_OUTER_BOUND('',#340,.T.);
#191=FACE_OUTER_BOUND('',#341,.T.);
#192=FACE_OUTER_BOUND('',#343,.T.);
#193=FACE_OUTER_BOUND('',#344,.T.);
#194=FACE_OUTER_BOUND('',#345,.T.);
#195=FACE_OUTER_BOUND('',#347,.T.);
#196=FACE_OUTER_BOUND('',#348,.T.);
#197=FACE_OUTER_BOUND('',#349,.T.);
#198=FACE_OUTER_BOUND('',#351,.T.);
#199=FACE_OUTER_BOUND('',#352,.T.);
#200=FACE_OUTER_BOUND('',#353,.T.);
#201=FACE_OUTER_BOUND('',#356,.T.);
#202=FACE_OUTER_BOUND('',#357,.T.);
#203=FACE_OUTER_BOUND('',#358,.T.);
#204=FACE_OUTER_BOUND('',#359,.T.);
#205=FACE_OUTER_BOUND('',#360,.T.);
#206=FACE_OUTER_BOUND('',#361,.T.);
#207=FACE_OUTER_BOUND('',#362,.T.);
#208=FACE_OUTER_BOUND('',#363,.T.);
#209=FACE_OUTER_BOUND('',#365,.T.);
#210=FACE_OUTER_BOUND('',#366,.T.);
#211=FACE_OUTER_BOUND('',#367,.T.);
#212=FACE_OUTER_BOUND('',#368,.T.);
#213=FACE_OUTER_BOUND('',#369,.T.);
#214=FACE_OUTER_BOUND('',#370,.T.);
#215=FACE_OUTER_BOUND('',#371,.T.);
#216=FACE_OUTER_BOUND('',#372,.T.);
#217=FACE_OUTER_BOUND('',#373,.T.);
#218=FACE_OUTER_BOUND('',#374,.T.);
#219=FACE_OUTER_BOUND('',#375,.T.);
#220=FACE_OUTER_BOUND('',#376,.T.);
#221=FACE_OUTER_BOUND('',#377,.T.);
#222=FACE_OUTER_BOUND('',#378,.T.);
#223=FACE_OUTER_BOUND('',#379,.T.);
#224=FACE_OUTER_BOUND('',#380,.T.);
#225=FACE_OUTER_BOUND('',#381,.T.);
#226=FACE_OUTER_BOUND('',#382,.T.);
#227=FACE_OUTER_BOUND('',#383,.T.);
#228=FACE_OUTER_BOUND('',#384,.T.);
#229=FACE_OUTER_BOUND('',#385,.T.);
#230=FACE_OUTER_BOUND('',#386,.T.);
#231=FACE_OUTER_BOUND('',#387,.T.);
#232=FACE_OUTER_BOUND('',#388,.T.);
#233=FACE_OUTER_BOUND('',#389,.T.);
#234=FACE_OUTER_BOUND('',#390,.T.);
#235=FACE_OUTER_BOUND('',#391,.T.);
#236=FACE_OUTER_BOUND('',#392,.T.);
#237=FACE_OUTER_BOUND('',#393,.T.);
#238=FACE_OUTER_BOUND('',#394,.T.);
#239=FACE_OUTER_BOUND('',#396,.T.);
#240=FACE_OUTER_BOUND('',#397,.T.);
#241=FACE_OUTER_BOUND('',#399,.T.);
#242=FACE_OUTER_BOUND('',#400,.T.);
#243=FACE_OUTER_BOUND('',#401,.T.);
#244=FACE_OUTER_BOUND('',#402,.T.);
#245=FACE_OUTER_BOUND('',#403,.T.);
#246=FACE_OUTER_BOUND('',#405,.T.);
#247=FACE_OUTER_BOUND('',#406,.T.);
#248=FACE_OUTER_BOUND('',#407,.T.);
#249=FACE_OUTER_BOUND('',#408,.T.);
#250=FACE_OUTER_BOUND('',#409,.T.);
#251=FACE_OUTER_BOUND('',#410,.T.);
#252=FACE_OUTER_BOUND('',#411,.T.);
#253=FACE_OUTER_BOUND('',#412,.T.);
#254=FACE_OUTER_BOUND('',#413,.T.);
#255=FACE_OUTER_BOUND('',#415,.T.);
#256=FACE_OUTER_BOUND('',#416,.T.);
#257=FACE_OUTER_BOUND('',#417,.T.);
#258=FACE_OUTER_BOUND('',#418,.T.);
#259=FACE_OUTER_BOUND('',#419,.T.);
#260=FACE_OUTER_BOUND('',#420,.T.);
#261=FACE_OUTER_BOUND('',#421,.T.);
#262=FACE_OUTER_BOUND('',#422,.T.);
#263=FACE_OUTER_BOUND('',#423,.T.);
#264=FACE_OUTER_BOUND('',#424,.T.);
#265=FACE_OUTER_BOUND('',#425,.T.);
#266=FACE_OUTER_BOUND('',#426,.T.);
#267=FACE_OUTER_BOUND('',#427,.T.);
#268=FACE_OUTER_BOUND('',#428,.T.);
#269=FACE_OUTER_BOUND('',#429,.T.);
#270=FACE_OUTER_BOUND('',#430,.T.);
#271=FACE_OUTER_BOUND('',#431,.T.);
#272=FACE_OUTER_BOUND('',#432,.T.);
#273=FACE_OUTER_BOUND('',#433,.T.);
#274=FACE_OUTER_BOUND('',#434,.T.);
#275=FACE_OUTER_BOUND('',#435,.T.);
#276=FACE_OUTER_BOUND('',#436,.T.);
#277=FACE_OUTER_BOUND('',#443,.T.);
#278=FACE_OUTER_BOUND('',#444,.T.);
#279=FACE_OUTER_BOUND('',#445,.T.);
#280=FACE_OUTER_BOUND('',#446,.T.);
#281=FACE_OUTER_BOUND('',#447,.T.);
#282=EDGE_LOOP('',(#1604,#1605,#1606,#1607));
#283=EDGE_LOOP('',(#1608,#1609,#1610,#1611));
#284=EDGE_LOOP('',(#1612,#1613,#1614,#1615));
#285=EDGE_LOOP('',(#1616,#1617,#1618,#1619));
#286=EDGE_LOOP('',(#1620,#1621,#1622,#1623));
#287=EDGE_LOOP('',(#1624,#1625,#1626,#1627,#1628,#1629,#1630,#1631));
#288=EDGE_LOOP('',(#1632));
#289=EDGE_LOOP('',(#1633));
#290=EDGE_LOOP('',(#1634,#1635,#1636,#1637,#1638,#1639,#1640,#1641,#1642,
#1643,#1644,#1645,#1646,#1647,#1648,#1649));
#291=EDGE_LOOP('',(#1650));
#292=EDGE_LOOP('',(#1651));
#293=EDGE_LOOP('',(#1652,#1653,#1654,#1655));
#294=EDGE_LOOP('',(#1656,#1657,#1658,#1659));
#295=EDGE_LOOP('',(#1660,#1661,#1662,#1663));
#296=EDGE_LOOP('',(#1664,#1665,#1666,#1667));
#297=EDGE_LOOP('',(#1668,#1669,#1670,#1671));
#298=EDGE_LOOP('',(#1672,#1673,#1674,#1675));
#299=EDGE_LOOP('',(#1676,#1677,#1678,#1679));
#300=EDGE_LOOP('',(#1680,#1681,#1682,#1683));
#301=EDGE_LOOP('',(#1684,#1685,#1686,#1687));
#302=EDGE_LOOP('',(#1688,#1689,#1690));
#303=EDGE_LOOP('',(#1691,#1692,#1693,#1694));
#304=EDGE_LOOP('',(#1695,#1696,#1697));
#305=EDGE_LOOP('',(#1698,#1699,#1700,#1701));
#306=EDGE_LOOP('',(#1702,#1703,#1704));
#307=EDGE_LOOP('',(#1705,#1706,#1707));
#308=EDGE_LOOP('',(#1708,#1709,#1710,#1711));
#309=EDGE_LOOP('',(#1712,#1713,#1714,#1715));
#310=EDGE_LOOP('',(#1716,#1717,#1718,#1719));
#311=EDGE_LOOP('',(#1720,#1721,#1722,#1723));
#312=EDGE_LOOP('',(#1724,#1725,#1726,#1727));
#313=EDGE_LOOP('',(#1728));
#314=EDGE_LOOP('',(#1729,#1730,#1731,#1732,#1733,#1734,#1735,#1736));
#315=EDGE_LOOP('',(#1737));
#316=EDGE_LOOP('',(#1738,#1739,#1740,#1741));
#317=EDGE_LOOP('',(#1742,#1743,#1744,#1745));
#318=EDGE_LOOP('',(#1746,#1747,#1748,#1749));
#319=EDGE_LOOP('',(#1750,#1751,#1752,#1753));
#320=EDGE_LOOP('',(#1754,#1755,#1756,#1757));
#321=EDGE_LOOP('',(#1758,#1759,#1760,#1761));
#322=EDGE_LOOP('',(#1762,#1763,#1764,#1765));
#323=EDGE_LOOP('',(#1766,#1767,#1768,#1769));
#324=EDGE_LOOP('',(#1770,#1771,#1772,#1773));
#325=EDGE_LOOP('',(#1774,#1775,#1776,#1777));
#326=EDGE_LOOP('',(#1778,#1779,#1780,#1781));
#327=EDGE_LOOP('',(#1782,#1783,#1784,#1785));
#328=EDGE_LOOP('',(#1786));
#329=EDGE_LOOP('',(#1787));
#330=EDGE_LOOP('',(#1788));
#331=EDGE_LOOP('',(#1789));
#332=EDGE_LOOP('',(#1790));
#333=EDGE_LOOP('',(#1791));
#334=EDGE_LOOP('',(#1792));
#335=EDGE_LOOP('',(#1793));
#336=EDGE_LOOP('',(#1794,#1795,#1796,#1797));
#337=EDGE_LOOP('',(#1798,#1799,#1800,#1801,#1802));
#338=EDGE_LOOP('',(#1803));
#339=EDGE_LOOP('',(#1804,#1805,#1806,#1807,#1808,#1809,#1810,#1811,#1812,
#1813,#1814,#1815));
#340=EDGE_LOOP('',(#1816,#1817,#1818,#1819));
#341=EDGE_LOOP('',(#1820,#1821,#1822,#1823,#1824));
#342=EDGE_LOOP('',(#1825));
#343=EDGE_LOOP('',(#1826,#1827,#1828,#1829,#1830,#1831,#1832,#1833,#1834,
#1835,#1836,#1837));
#344=EDGE_LOOP('',(#1838,#1839,#1840,#1841));
#345=EDGE_LOOP('',(#1842,#1843,#1844,#1845,#1846));
#346=EDGE_LOOP('',(#1847));
#347=EDGE_LOOP('',(#1848,#1849,#1850,#1851,#1852,#1853,#1854,#1855,#1856,
#1857,#1858,#1859));
#348=EDGE_LOOP('',(#1860,#1861,#1862,#1863));
#349=EDGE_LOOP('',(#1864,#1865,#1866,#1867,#1868));
#350=EDGE_LOOP('',(#1869));
#351=EDGE_LOOP('',(#1870,#1871,#1872,#1873,#1874,#1875,#1876,#1877));
#352=EDGE_LOOP('',(#1878,#1879,#1880));
#353=EDGE_LOOP('',(#1881,#1882,#1883,#1884,#1885,#1886));
#354=EDGE_LOOP('',(#1887));
#355=EDGE_LOOP('',(#1888));
#356=EDGE_LOOP('',(#1889,#1890,#1891));
#357=EDGE_LOOP('',(#1892,#1893,#1894,#1895));
#358=EDGE_LOOP('',(#1896,#1897,#1898,#1899));
#359=EDGE_LOOP('',(#1900,#1901,#1902,#1903));
#360=EDGE_LOOP('',(#1904,#1905,#1906,#1907));
#361=EDGE_LOOP('',(#1908,#1909,#1910,#1911));
#362=EDGE_LOOP('',(#1912,#1913,#1914,#1915));
#363=EDGE_LOOP('',(#1916,#1917,#1918,#1919,#1920,#1921,#1922,#1923));
#364=EDGE_LOOP('',(#1924,#1925,#1926,#1927,#1928,#1929,#1930,#1931,#1932,
#1933,#1934,#1935));
#365=EDGE_LOOP('',(#1936,#1937,#1938,#1939));
#366=EDGE_LOOP('',(#1940,#1941,#1942,#1943));
#367=EDGE_LOOP('',(#1944,#1945,#1946,#1947));
#368=EDGE_LOOP('',(#1948,#1949,#1950,#1951));
#369=EDGE_LOOP('',(#1952,#1953,#1954,#1955));
#370=EDGE_LOOP('',(#1956,#1957,#1958,#1959,#1960,#1961,#1962));
#371=EDGE_LOOP('',(#1963,#1964,#1965,#1966));
#372=EDGE_LOOP('',(#1967,#1968,#1969,#1970,#1971,#1972,#1973));
#373=EDGE_LOOP('',(#1974,#1975,#1976,#1977));
#374=EDGE_LOOP('',(#1978,#1979,#1980,#1981));
#375=EDGE_LOOP('',(#1982,#1983,#1984,#1985));
#376=EDGE_LOOP('',(#1986,#1987,#1988,#1989));
#377=EDGE_LOOP('',(#1990,#1991,#1992,#1993));
#378=EDGE_LOOP('',(#1994,#1995,#1996,#1997));
#379=EDGE_LOOP('',(#1998,#1999,#2000,#2001));
#380=EDGE_LOOP('',(#2002,#2003,#2004,#2005));
#381=EDGE_LOOP('',(#2006,#2007,#2008,#2009));
#382=EDGE_LOOP('',(#2010,#2011,#2012,#2013));
#383=EDGE_LOOP('',(#2014,#2015,#2016,#2017));
#384=EDGE_LOOP('',(#2018,#2019,#2020,#2021));
#385=EDGE_LOOP('',(#2022,#2023,#2024,#2025));
#386=EDGE_LOOP('',(#2026,#2027,#2028,#2029));
#387=EDGE_LOOP('',(#2030,#2031,#2032,#2033));
#388=EDGE_LOOP('',(#2034,#2035,#2036,#2037));
#389=EDGE_LOOP('',(#2038,#2039,#2040,#2041));
#390=EDGE_LOOP('',(#2042,#2043,#2044,#2045));
#391=EDGE_LOOP('',(#2046,#2047,#2048,#2049,#2050,#2051,#2052));
#392=EDGE_LOOP('',(#2053,#2054,#2055,#2056));
#393=EDGE_LOOP('',(#2057,#2058,#2059,#2060,#2061,#2062,#2063));
#394=EDGE_LOOP('',(#2064,#2065,#2066,#2067,#2068,#2069,#2070,#2071));
#395=EDGE_LOOP('',(#2072,#2073,#2074,#2075,#2076,#2077,#2078,#2079,#2080,
#2081,#2082,#2083));
#396=EDGE_LOOP('',(#2084,#2085,#2086,#2087));
#397=EDGE_LOOP('',(#2088));
#398=EDGE_LOOP('',(#2089));
#399=EDGE_LOOP('',(#2090,#2091,#2092,#2093));
#400=EDGE_LOOP('',(#2094,#2095,#2096,#2097));
#401=EDGE_LOOP('',(#2098,#2099,#2100,#2101));
#402=EDGE_LOOP('',(#2102,#2103,#2104,#2105));
#403=EDGE_LOOP('',(#2106,#2107,#2108,#2109));
#404=EDGE_LOOP('',(#2110,#2111,#2112,#2113));
#405=EDGE_LOOP('',(#2114,#2115,#2116,#2117));
#406=EDGE_LOOP('',(#2118,#2119,#2120,#2121));
#407=EDGE_LOOP('',(#2122,#2123,#2124,#2125));
#408=EDGE_LOOP('',(#2126,#2127,#2128,#2129));
#409=EDGE_LOOP('',(#2130,#2131,#2132,#2133));
#410=EDGE_LOOP('',(#2134,#2135,#2136,#2137));
#411=EDGE_LOOP('',(#2138,#2139,#2140,#2141));
#412=EDGE_LOOP('',(#2142,#2143,#2144,#2145));
#413=EDGE_LOOP('',(#2146,#2147,#2148,#2149));
#414=EDGE_LOOP('',(#2150,#2151,#2152,#2153));
#415=EDGE_LOOP('',(#2154,#2155,#2156,#2157));
#416=EDGE_LOOP('',(#2158,#2159,#2160,#2161,#2162,#2163,#2164,#2165));
#417=EDGE_LOOP('',(#2166,#2167,#2168,#2169));
#418=EDGE_LOOP('',(#2170,#2171,#2172,#2173,#2174,#2175,#2176,#2177));
#419=EDGE_LOOP('',(#2178,#2179,#2180,#2181));
#420=EDGE_LOOP('',(#2182,#2183,#2184,#2185));
#421=EDGE_LOOP('',(#2186,#2187,#2188,#2189));
#422=EDGE_LOOP('',(#2190,#2191,#2192,#2193));
#423=EDGE_LOOP('',(#2194,#2195,#2196,#2197));
#424=EDGE_LOOP('',(#2198,#2199,#2200,#2201));
#425=EDGE_LOOP('',(#2202,#2203,#2204,#2205));
#426=EDGE_LOOP('',(#2206,#2207,#2208));
#427=EDGE_LOOP('',(#2209,#2210,#2211,#2212));
#428=EDGE_LOOP('',(#2213,#2214,#2215));
#429=EDGE_LOOP('',(#2216,#2217,#2218,#2219));
#430=EDGE_LOOP('',(#2220,#2221,#2222));
#431=EDGE_LOOP('',(#2223,#2224,#2225));
#432=EDGE_LOOP('',(#2226,#2227,#2228,#2229));
#433=EDGE_LOOP('',(#2230,#2231,#2232,#2233));
#434=EDGE_LOOP('',(#2234,#2235,#2236,#2237));
#435=EDGE_LOOP('',(#2238,#2239,#2240,#2241));
#436=EDGE_LOOP('',(#2242,#2243,#2244,#2245));
#437=EDGE_LOOP('',(#2246));
#438=EDGE_LOOP('',(#2247,#2248,#2249,#2250));
#439=EDGE_LOOP('',(#2251));
#440=EDGE_LOOP('',(#2252));
#441=EDGE_LOOP('',(#2253));
#442=EDGE_LOOP('',(#2254));
#443=EDGE_LOOP('',(#2255,#2256,#2257,#2258));
#444=EDGE_LOOP('',(#2259,#2260,#2261,#2262));
#445=EDGE_LOOP('',(#2263,#2264,#2265,#2266));
#446=EDGE_LOOP('',(#2267,#2268,#2269,#2270));
#447=EDGE_LOOP('',(#2271,#2272,#2273,#2274,#2275,#2276,#2277,#2278));
#448=EDGE_LOOP('',(#2279,#2280,#2281,#2282));
#449=EDGE_LOOP('',(#2283));
#450=EDGE_LOOP('',(#2284));
#451=EDGE_LOOP('',(#2285));
#452=EDGE_LOOP('',(#2286));
#453=EDGE_LOOP('',(#2287));
#454=LINE('',#3432,#702);
#455=LINE('',#3438,#703);
#456=LINE('',#3444,#704);
#457=LINE('',#3450,#705);
#458=LINE('',#3456,#706);
#459=LINE('',#3463,#707);
#460=LINE('',#3467,#708);
#461=LINE('',#3471,#709);
#462=LINE('',#3474,#710);
#463=LINE('',#3483,#711);
#464=LINE('',#3485,#712);
#465=LINE('',#3487,#713);
#466=LINE('',#3491,#714);
#467=LINE('',#3493,#715);
#468=LINE('',#3495,#716);
#469=LINE('',#3499,#717);
#470=LINE('',#3501,#718);
#471=LINE('',#3503,#719);
#472=LINE('',#3507,#720);
#473=LINE('',#3509,#721);
#474=LINE('',#3510,#722);
#475=LINE('',#3515,#723);
#476=LINE('',#3519,#724);
#477=LINE('',#3523,#725);
#478=LINE('',#3527,#726);
#479=LINE('',#3531,#727);
#480=LINE('',#3535,#728);
#481=LINE('',#3539,#729);
#482=LINE('',#3546,#730);
#483=LINE('',#3549,#731);
#484=LINE('',#3554,#732);
#485=LINE('',#3557,#733);
#486=LINE('',#3564,#734);
#487=LINE('',#3567,#735);
#488=LINE('',#3573,#736);
#489=LINE('',#3576,#737);
#490=LINE('',#3582,#738);
#491=LINE('',#3583,#739);
#492=LINE('',#3585,#740);
#493=LINE('',#3587,#741);
#494=LINE('',#3589,#742);
#495=LINE('',#3595,#743);
#496=LINE('',#3599,#744);
#497=LINE('',#3603,#745);
#498=LINE('',#3607,#746);
#499=LINE('',#3612,#747);
#500=LINE('',#3614,#748);
#501=LINE('',#3616,#749);
#502=LINE('',#3622,#750);
#503=LINE('',#3623,#751);
#504=LINE('',#3626,#752);
#505=LINE('',#3627,#753);
#506=LINE('',#3632,#754);
#507=LINE('',#3633,#755);
#508=LINE('',#3636,#756);
#509=LINE('',#3637,#757);
#510=LINE('',#3642,#758);
#511=LINE('',#3643,#759);
#512=LINE('',#3646,#760);
#513=LINE('',#3647,#761);
#514=LINE('',#3652,#762);
#515=LINE('',#3653,#763);
#516=LINE('',#3656,#764);
#517=LINE('',#3657,#765);
#518=LINE('',#3664,#766);
#519=LINE('',#3665,#767);
#520=LINE('',#3668,#768);
#521=LINE('',#3669,#769);
#522=LINE('',#3672,#770);
#523=LINE('',#3674,#771);
#524=LINE('',#3676,#772);
#525=LINE('',#3678,#773);
#526=LINE('',#3680,#774);
#527=LINE('',#3682,#775);
#528=LINE('',#3684,#776);
#529=LINE('',#3685,#777);
#530=LINE('',#3688,#778);
#531=LINE('',#3689,#779);
#532=LINE('',#3692,#780);
#533=LINE('',#3693,#781);
#534=LINE('',#3696,#782);
#535=LINE('',#3698,#783);
#536=LINE('',#3700,#784);
#537=LINE('',#3702,#785);
#538=LINE('',#3704,#786);
#539=LINE('',#3705,#787);
#540=LINE('',#3708,#788);
#541=LINE('',#3709,#789);
#542=LINE('',#3712,#790);
#543=LINE('',#3713,#791);
#544=LINE('',#3716,#792);
#545=LINE('',#3718,#793);
#546=LINE('',#3720,#794);
#547=LINE('',#3722,#795);
#548=LINE('',#3724,#796);
#549=LINE('',#3725,#797);
#550=LINE('',#3728,#798);
#551=LINE('',#3729,#799);
#552=LINE('',#3731,#800);
#553=LINE('',#3733,#801);
#554=LINE('',#3740,#802);
#555=LINE('',#3753,#803);
#556=LINE('',#3755,#804);
#557=LINE('',#3759,#805);
#558=LINE('',#3761,#806);
#559=LINE('',#3765,#807);
#560=LINE('',#3767,#808);
#561=LINE('',#3769,#809);
#562=LINE('',#3770,#810);
#563=LINE('',#3776,#811);
#564=LINE('',#3780,#812);
#565=LINE('',#3784,#813);
#566=LINE('',#3787,#814);
#567=LINE('',#3789,#815);
#568=LINE('',#3791,#816);
#569=LINE('',#3793,#817);
#570=LINE('',#3795,#818);
#571=LINE('',#3797,#819);
#572=LINE('',#3799,#820);
#573=LINE('',#3801,#821);
#574=LINE('',#3803,#822);
#575=LINE('',#3805,#823);
#576=LINE('',#3807,#824);
#577=LINE('',#3808,#825);
#578=LINE('',#3811,#826);
#579=LINE('',#3813,#827);
#580=LINE('',#3814,#828);
#581=LINE('',#3817,#829);
#582=LINE('',#3819,#830);
#583=LINE('',#3820,#831);
#584=LINE('',#3824,#832);
#585=LINE('',#3825,#833);
#586=LINE('',#3826,#834);
#587=LINE('',#3829,#835);
#588=LINE('',#3831,#836);
#589=LINE('',#3832,#837);
#590=LINE('',#3835,#838);
#591=LINE('',#3837,#839);
#592=LINE('',#3838,#840);
#593=LINE('',#3841,#841);
#594=LINE('',#3843,#842);
#595=LINE('',#3844,#843);
#596=LINE('',#3847,#844);
#597=LINE('',#3848,#845);
#598=LINE('',#3851,#846);
#599=LINE('',#3852,#847);
#600=LINE('',#3855,#848);
#601=LINE('',#3859,#849);
#602=LINE('',#3860,#850);
#603=LINE('',#3866,#851);
#604=LINE('',#3867,#852);
#605=LINE('',#3869,#853);
#606=LINE('',#3871,#854);
#607=LINE('',#3873,#855);
#608=LINE('',#3875,#856);
#609=LINE('',#3877,#857);
#610=LINE('',#3879,#858);
#611=LINE('',#3883,#859);
#612=LINE('',#3884,#860);
#613=LINE('',#3887,#861);
#614=LINE('',#3888,#862);
#615=LINE('',#3891,#863);
#616=LINE('',#3892,#864);
#617=LINE('',#3895,#865);
#618=LINE('',#3896,#866);
#619=LINE('',#3899,#867);
#620=LINE('',#3900,#868);
#621=LINE('',#3903,#869);
#622=LINE('',#3904,#870);
#623=LINE('',#3907,#871);
#624=LINE('',#3908,#872);
#625=LINE('',#3911,#873);
#626=LINE('',#3912,#874);
#627=LINE('',#3914,#875);
#628=LINE('',#3920,#876);
#629=LINE('',#3928,#877);
#630=LINE('',#3930,#878);
#631=LINE('',#3932,#879);
#632=LINE('',#3933,#880);
#633=LINE('',#3936,#881);
#634=LINE('',#3938,#882);
#635=LINE('',#3939,#883);
#636=LINE('',#3943,#884);
#637=LINE('',#3945,#885);
#638=LINE('',#3947,#886);
#639=LINE('',#3948,#887);
#640=LINE('',#3951,#888);
#641=LINE('',#3953,#889);
#642=LINE('',#3954,#890);
#643=LINE('',#3958,#891);
#644=LINE('',#3960,#892);
#645=LINE('',#3962,#893);
#646=LINE('',#3963,#894);
#647=LINE('',#3964,#895);
#648=LINE('',#3965,#896);
#649=LINE('',#3969,#897);
#650=LINE('',#3970,#898);
#651=LINE('',#3971,#899);
#652=LINE('',#3974,#900);
#653=LINE('',#3975,#901);
#654=LINE('',#3978,#902);
#655=LINE('',#3979,#903);
#656=LINE('',#3981,#904);
#657=LINE('',#3985,#905);
#658=LINE('',#3987,#906);
#659=LINE('',#3989,#907);
#660=LINE('',#3990,#908);
#661=LINE('',#3993,#909);
#662=LINE('',#3995,#910);
#663=LINE('',#3996,#911);
#664=LINE('',#3999,#912);
#665=LINE('',#4001,#913);
#666=LINE('',#4002,#914);
#667=LINE('',#4004,#915);
#668=LINE('',#4005,#916);
#669=LINE('',#4009,#917);
#670=LINE('',#4011,#918);
#671=LINE('',#4013,#919);
#672=LINE('',#4014,#920);
#673=LINE('',#4016,#921);
#674=LINE('',#4017,#922);
#675=LINE('',#4019,#923);
#676=LINE('',#4021,#924);
#677=LINE('',#4025,#925);
#678=LINE('',#4031,#926);
#679=LINE('',#4037,#927);
#680=LINE('',#4043,#928);
#681=LINE('',#4049,#929);
#682=LINE('',#4056,#930);
#683=LINE('',#4059,#931);
#684=LINE('',#4064,#932);
#685=LINE('',#4067,#933);
#686=LINE('',#4074,#934);
#687=LINE('',#4077,#935);
#688=LINE('',#4084,#936);
#689=LINE('',#4086,#937);
#690=LINE('',#4093,#938);
#691=LINE('',#4096,#939);
#692=LINE('',#4099,#940);
#693=LINE('',#4100,#941);
#694=LINE('',#4103,#942);
#695=LINE('',#4107,#943);
#696=LINE('',#4108,#944);
#697=LINE('',#4112,#945);
#698=LINE('',#4116,#946);
#699=LINE('',#4117,#947);
#700=LINE('',#4120,#948);
#701=LINE('',#4123,#949);
#702=VECTOR('',#2721,1.65);
#703=VECTOR('',#2728,1.65);
#704=VECTOR('',#2735,1.65);
#705=VECTOR('',#2742,1.65);
#706=VECTOR('',#2749,2.7);
#707=VECTOR('',#2756,10.);
#708=VECTOR('',#2759,10.);
#709=VECTOR('',#2762,10.);
#710=VECTOR('',#2765,10.);
#711=VECTOR('',#2772,10.);
#712=VECTOR('',#2773,10.);
#713=VECTOR('',#2774,10.);
#714=VECTOR('',#2777,10.);
#715=VECTOR('',#2778,10.);
#716=VECTOR('',#2779,10.);
#717=VECTOR('',#2782,10.);
#718=VECTOR('',#2783,10.);
#719=VECTOR('',#2784,10.);
#720=VECTOR('',#2787,10.);
#721=VECTOR('',#2788,10.);
#722=VECTOR('',#2789,10.);
#723=VECTOR('',#2794,2.45);
#724=VECTOR('',#2799,2.7);
#725=VECTOR('',#2804,2.45);
#726=VECTOR('',#2809,2.7);
#727=VECTOR('',#2814,2.45);
#728=VECTOR('',#2819,2.7);
#729=VECTOR('',#2824,2.45);
#730=VECTOR('',#2831,10.);
#731=VECTOR('',#2834,10.);
#732=VECTOR('',#2839,10.);
#733=VECTOR('',#2842,10.);
#734=VECTOR('',#2851,10.);
#735=VECTOR('',#2854,10.);
#736=VECTOR('',#2863,10.);
#737=VECTOR('',#2866,10.);
#738=VECTOR('',#2877,10.);
#739=VECTOR('',#2878,10.);
#740=VECTOR('',#2881,10.);
#741=VECTOR('',#2884,10.);
#742=VECTOR('',#2887,10.);
#743=VECTOR('',#2892,10.);
#744=VECTOR('',#2895,10.);
#745=VECTOR('',#2898,10.);
#746=VECTOR('',#2901,10.);
#747=VECTOR('',#2908,10.);
#748=VECTOR('',#2911,10.);
#749=VECTOR('',#2914,10.);
#750=VECTOR('',#2921,10.);
#751=VECTOR('',#2922,10.);
#752=VECTOR('',#2925,10.);
#753=VECTOR('',#2926,10.);
#754=VECTOR('',#2931,10.);
#755=VECTOR('',#2932,10.);
#756=VECTOR('',#2935,10.);
#757=VECTOR('',#2936,10.);
#758=VECTOR('',#2941,10.);
#759=VECTOR('',#2942,10.);
#760=VECTOR('',#2945,10.);
#761=VECTOR('',#2946,10.);
#762=VECTOR('',#2951,10.);
#763=VECTOR('',#2952,10.);
#764=VECTOR('',#2955,10.);
#765=VECTOR('',#2956,10.);
#766=VECTOR('',#2967,10.);
#767=VECTOR('',#2968,10.);
#768=VECTOR('',#2971,10.);
#769=VECTOR('',#2972,10.);
#770=VECTOR('',#2975,10.);
#771=VECTOR('',#2976,10.);
#772=VECTOR('',#2977,10.);
#773=VECTOR('',#2978,10.);
#774=VECTOR('',#2979,10.);
#775=VECTOR('',#2980,10.);
#776=VECTOR('',#2981,10.);
#777=VECTOR('',#2982,10.);
#778=VECTOR('',#2985,10.);
#779=VECTOR('',#2986,10.);
#780=VECTOR('',#2989,10.);
#781=VECTOR('',#2990,10.);
#782=VECTOR('',#2993,10.);
#783=VECTOR('',#2994,10.);
#784=VECTOR('',#2995,10.);
#785=VECTOR('',#2996,10.);
#786=VECTOR('',#2997,10.);
#787=VECTOR('',#2998,10.);
#788=VECTOR('',#3001,10.);
#789=VECTOR('',#3002,10.);
#790=VECTOR('',#3005,10.);
#791=VECTOR('',#3006,10.);
#792=VECTOR('',#3009,10.);
#793=VECTOR('',#3010,10.);
#794=VECTOR('',#3011,10.);
#795=VECTOR('',#3012,10.);
#796=VECTOR('',#3013,10.);
#797=VECTOR('',#3014,10.);
#798=VECTOR('',#3017,10.);
#799=VECTOR('',#3018,10.);
#800=VECTOR('',#3021,10.);
#801=VECTOR('',#3024,10.);
#802=VECTOR('',#3033,10.);
#803=VECTOR('',#3052,6.6);
#804=VECTOR('',#3055,6.35);
#805=VECTOR('',#3060,6.6);
#806=VECTOR('',#3063,6.35);
#807=VECTOR('',#3066,10.);
#808=VECTOR('',#3067,10.);
#809=VECTOR('',#3068,10.);
#810=VECTOR('',#3069,10.);
#811=VECTOR('',#3074,10.);
#812=VECTOR('',#3077,10.);
#813=VECTOR('',#3080,10.);
#814=VECTOR('',#3083,10.);
#815=VECTOR('',#3084,10.);
#816=VECTOR('',#3085,10.);
#817=VECTOR('',#3086,10.);
#818=VECTOR('',#3087,10.);
#819=VECTOR('',#3088,10.);
#820=VECTOR('',#3089,10.);
#821=VECTOR('',#3090,10.);
#822=VECTOR('',#3091,10.);
#823=VECTOR('',#3092,10.);
#824=VECTOR('',#3093,10.);
#825=VECTOR('',#3094,10.);
#826=VECTOR('',#3097,10.);
#827=VECTOR('',#3098,10.);
#828=VECTOR('',#3099,10.);
#829=VECTOR('',#3102,10.);
#830=VECTOR('',#3103,10.);
#831=VECTOR('',#3104,10.);
#832=VECTOR('',#3107,10.);
#833=VECTOR('',#3108,10.);
#834=VECTOR('',#3109,10.);
#835=VECTOR('',#3112,10.);
#836=VECTOR('',#3113,10.);
#837=VECTOR('',#3114,10.);
#838=VECTOR('',#3117,10.);
#839=VECTOR('',#3118,10.);
#840=VECTOR('',#3119,10.);
#841=VECTOR('',#3122,10.);
#842=VECTOR('',#3123,10.);
#843=VECTOR('',#3124,10.);
#844=VECTOR('',#3127,10.);
#845=VECTOR('',#3128,10.);
#846=VECTOR('',#3131,10.);
#847=VECTOR('',#3132,10.);
#848=VECTOR('',#3135,10.);
#849=VECTOR('',#3140,10.);
#850=VECTOR('',#3141,10.);
#851=VECTOR('',#3152,10.);
#852=VECTOR('',#3153,10.);
#853=VECTOR('',#3156,10.);
#854=VECTOR('',#3159,10.);
#855=VECTOR('',#3162,10.);
#856=VECTOR('',#3165,10.);
#857=VECTOR('',#3168,10.);
#858=VECTOR('',#3171,10.);
#859=VECTOR('',#3176,10.);
#860=VECTOR('',#3177,10.);
#861=VECTOR('',#3180,10.);
#862=VECTOR('',#3181,10.);
#863=VECTOR('',#3184,10.);
#864=VECTOR('',#3185,10.);
#865=VECTOR('',#3188,10.);
#866=VECTOR('',#3189,10.);
#867=VECTOR('',#3192,10.);
#868=VECTOR('',#3193,10.);
#869=VECTOR('',#3196,10.);
#870=VECTOR('',#3197,10.);
#871=VECTOR('',#3200,10.);
#872=VECTOR('',#3201,10.);
#873=VECTOR('',#3204,10.);
#874=VECTOR('',#3205,10.);
#875=VECTOR('',#3208,10.);
#876=VECTOR('',#3215,7.);
#877=VECTOR('',#3224,10.);
#878=VECTOR('',#3225,10.);
#879=VECTOR('',#3226,10.);
#880=VECTOR('',#3227,10.);
#881=VECTOR('',#3230,10.);
#882=VECTOR('',#3231,10.);
#883=VECTOR('',#3232,10.);
#884=VECTOR('',#3235,10.);
#885=VECTOR('',#3236,10.);
#886=VECTOR('',#3237,10.);
#887=VECTOR('',#3238,10.);
#888=VECTOR('',#3241,10.);
#889=VECTOR('',#3242,10.);
#890=VECTOR('',#3243,10.);
#891=VECTOR('',#3246,10.);
#892=VECTOR('',#3247,10.);
#893=VECTOR('',#3248,10.);
#894=VECTOR('',#3249,10.);
#895=VECTOR('',#3250,10.);
#896=VECTOR('',#3251,10.);
#897=VECTOR('',#3254,10.);
#898=VECTOR('',#3255,10.);
#899=VECTOR('',#3256,10.);
#900=VECTOR('',#3259,10.);
#901=VECTOR('',#3260,10.);
#902=VECTOR('',#3263,10.);
#903=VECTOR('',#3264,10.);
#904=VECTOR('',#3267,10.);
#905=VECTOR('',#3270,10.);
#906=VECTOR('',#3271,10.);
#907=VECTOR('',#3272,10.);
#908=VECTOR('',#3273,10.);
#909=VECTOR('',#3276,10.);
#910=VECTOR('',#3277,10.);
#911=VECTOR('',#3278,10.);
#912=VECTOR('',#3281,10.);
#913=VECTOR('',#3282,10.);
#914=VECTOR('',#3283,10.);
#915=VECTOR('',#3286,10.);
#916=VECTOR('',#3287,10.);
#917=VECTOR('',#3290,10.);
#918=VECTOR('',#3291,10.);
#919=VECTOR('',#3292,10.);
#920=VECTOR('',#3293,10.);
#921=VECTOR('',#3296,10.);
#922=VECTOR('',#3297,10.);
#923=VECTOR('',#3300,10.);
#924=VECTOR('',#3303,10.);
#925=VECTOR('',#3308,6.);
#926=VECTOR('',#3315,1.65);
#927=VECTOR('',#3322,1.65);
#928=VECTOR('',#3329,1.65);
#929=VECTOR('',#3336,1.65);
#930=VECTOR('',#3343,10.);
#931=VECTOR('',#3346,10.);
#932=VECTOR('',#3351,10.);
#933=VECTOR('',#3354,10.);
#934=VECTOR('',#3363,10.);
#935=VECTOR('',#3366,10.);
#936=VECTOR('',#3375,10.);
#937=VECTOR('',#3378,10.);
#938=VECTOR('',#3389,10.);
#939=VECTOR('',#3392,10.);
#940=VECTOR('',#3395,10.);
#941=VECTOR('',#3396,10.);
#942=VECTOR('',#3399,10.);
#943=VECTOR('',#3404,10.);
#944=VECTOR('',#3405,10.);
#945=VECTOR('',#3410,10.);
#946=VECTOR('',#3415,10.);
#947=VECTOR('',#3416,10.);
#948=VECTOR('',#3419,10.);
#949=VECTOR('',#3424,10.);
#950=CIRCLE('',#2485,1.65);
#951=CIRCLE('',#2486,1.65);
#952=CIRCLE('',#2488,1.65);
#953=CIRCLE('',#2489,1.65);
#954=CIRCLE('',#2491,1.65);
#955=CIRCLE('',#2492,1.65);
#956=CIRCLE('',#2494,1.65);
#957=CIRCLE('',#2495,1.65);
#958=CIRCLE('',#2497,2.95);
#959=CIRCLE('',#2498,2.45);
#960=CIRCLE('',#2500,1.);
#961=CIRCLE('',#2501,1.);
#962=CIRCLE('',#2502,1.);
#963=CIRCLE('',#2503,1.);
#964=CIRCLE('',#2504,2.95);
#965=CIRCLE('',#2505,2.95);
#966=CIRCLE('',#2506,1.5);
#967=CIRCLE('',#2507,1.5);
#968=CIRCLE('',#2508,1.5);
#969=CIRCLE('',#2509,1.5);
#970=CIRCLE('',#2510,2.95);
#971=CIRCLE('',#2512,2.45);
#972=CIRCLE('',#2514,2.45);
#973=CIRCLE('',#2516,2.45);
#974=CIRCLE('',#2518,2.45);
#975=CIRCLE('',#2520,2.45);
#976=CIRCLE('',#2522,2.45);
#977=CIRCLE('',#2524,2.45);
#978=CIRCLE('',#2526,0.999999999999996);
#979=CIRCLE('',#2527,1.);
#980=CIRCLE('',#2529,1.);
#981=CIRCLE('',#2530,1.);
#982=CIRCLE('',#2532,1.);
#983=CIRCLE('',#2534,0.999999999999996);
#984=CIRCLE('',#2535,1.);
#985=CIRCLE('',#2537,1.);
#986=CIRCLE('',#2539,0.999999999999996);
#987=CIRCLE('',#2540,1.);
#988=CIRCLE('',#2542,0.999999999999998);
#989=CIRCLE('',#2544,0.999999999999998);
#990=CIRCLE('',#2550,6.85);
#991=CIRCLE('',#2551,3.99999999999998);
#992=CIRCLE('',#2552,4.00000000000002);
#993=CIRCLE('',#2553,4.00000000000002);
#994=CIRCLE('',#2554,4.);
#995=CIRCLE('',#2555,6.85);
#996=CIRCLE('',#2561,1.5);
#997=CIRCLE('',#2564,1.5);
#998=CIRCLE('',#2567,1.5);
#999=CIRCLE('',#2570,1.5);
#1000=CIRCLE('',#2589,5.00000001490118);
#1001=CIRCLE('',#2591,5.00000001490114);
#1002=CIRCLE('',#2592,5.00000001490116);
#1003=CIRCLE('',#2593,6.35);
#1004=CIRCLE('',#2594,6.35);
#1005=CIRCLE('',#2596,5.00000001490118);
#1006=CIRCLE('',#2598,5.00000001490118);
#1007=CIRCLE('',#2600,6.35);
#1008=CIRCLE('',#2603,6.35);
#1009=CIRCLE('',#2607,3.99999999999998);
#1010=CIRCLE('',#2608,4.);
#1011=CIRCLE('',#2609,4.00000000000002);
#1012=CIRCLE('',#2610,4.00000000000002);
#1013=CIRCLE('',#2620,5.00000001490116);
#1014=CIRCLE('',#2623,5.00000001490114);
#1015=CIRCLE('',#2625,5.00000001490118);
#1016=CIRCLE('',#2645,7.);
#1017=CIRCLE('',#2646,7.);
#1018=CIRCLE('',#2648,6.);
#1019=CIRCLE('',#2668,6.);
#1020=CIRCLE('',#2670,1.65);
#1021=CIRCLE('',#2671,1.65);
#1022=CIRCLE('',#2673,1.65);
#1023=CIRCLE('',#2674,1.65);
#1024=CIRCLE('',#2676,1.65);
#1025=CIRCLE('',#2677,1.65);
#1026=CIRCLE('',#2679,1.65);
#1027=CIRCLE('',#2680,1.65);
#1028=CIRCLE('',#2682,1.00000000000001);
#1029=CIRCLE('',#2683,0.999999999999996);
#1030=CIRCLE('',#2685,1.00000000000001);
#1031=CIRCLE('',#2686,0.999999999999996);
#1032=CIRCLE('',#2688,0.999999999999996);
#1033=CIRCLE('',#2690,1.00000000000001);
#1034=CIRCLE('',#2691,1.);
#1035=CIRCLE('',#2693,0.999999999999988);
#1036=CIRCLE('',#2695,1.00000000000001);
#1037=CIRCLE('',#2696,0.999999999999996);
#1038=CIRCLE('',#2698,0.999999999999999);
#1039=CIRCLE('',#2700,0.999999999999979);
#1040=CIRCLE('',#2702,0.999999999999996);
#1041=CIRCLE('',#2705,0.999999999999979);
#1042=CIRCLE('',#2709,0.999999999999999);
#1043=CIRCLE('',#2712,0.999999999999988);
#1044=VERTEX_POINT('',#3429);
#1045=VERTEX_POINT('',#3431);
#1046=VERTEX_POINT('',#3435);
#1047=VERTEX_POINT('',#3437);
#1048=VERTEX_POINT('',#3441);
#1049=VERTEX_POINT('',#3443);
#1050=VERTEX_POINT('',#3447);
#1051=VERTEX_POINT('',#3449);
#1052=VERTEX_POINT('',#3453);
#1053=VERTEX_POINT('',#3455);
#1054=VERTEX_POINT('',#3459);
#1055=VERTEX_POINT('',#3460);
#1056=VERTEX_POINT('',#3462);
#1057=VERTEX_POINT('',#3464);
#1058=VERTEX_POINT('',#3466);
#1059=VERTEX_POINT('',#3468);
#1060=VERTEX_POINT('',#3470);
#1061=VERTEX_POINT('',#3472);
#1062=VERTEX_POINT('',#3475);
#1063=VERTEX_POINT('',#3477);
#1064=VERTEX_POINT('',#3479);
#1065=VERTEX_POINT('',#3480);
#1066=VERTEX_POINT('',#3482);
#1067=VERTEX_POINT('',#3484);
#1068=VERTEX_POINT('',#3486);
#1069=VERTEX_POINT('',#3488);
#1070=VERTEX_POINT('',#3490);
#1071=VERTEX_POINT('',#3492);
#1072=VERTEX_POINT('',#3494);
#1073=VERTEX_POINT('',#3496);
#1074=VERTEX_POINT('',#3498);
#1075=VERTEX_POINT('',#3500);
#1076=VERTEX_POINT('',#3502);
#1077=VERTEX_POINT('',#3504);
#1078=VERTEX_POINT('',#3506);
#1079=VERTEX_POINT('',#3508);
#1080=VERTEX_POINT('',#3511);
#1081=VERTEX_POINT('',#3514);
#1082=VERTEX_POINT('',#3518);
#1083=VERTEX_POINT('',#3522);
#1084=VERTEX_POINT('',#3526);
#1085=VERTEX_POINT('',#3530);
#1086=VERTEX_POINT('',#3534);
#1087=VERTEX_POINT('',#3538);
#1088=VERTEX_POINT('',#3542);
#1089=VERTEX_POINT('',#3543);
#1090=VERTEX_POINT('',#3545);
#1091=VERTEX_POINT('',#3547);
#1092=VERTEX_POINT('',#3551);
#1093=VERTEX_POINT('',#3553);
#1094=VERTEX_POINT('',#3555);
#1095=VERTEX_POINT('',#3561);
#1096=VERTEX_POINT('',#3563);
#1097=VERTEX_POINT('',#3565);
#1098=VERTEX_POINT('',#3571);
#1099=VERTEX_POINT('',#3574);
#1100=VERTEX_POINT('',#3591);
#1101=VERTEX_POINT('',#3593);
#1102=VERTEX_POINT('',#3594);
#1103=VERTEX_POINT('',#3596);
#1104=VERTEX_POINT('',#3598);
#1105=VERTEX_POINT('',#3600);
#1106=VERTEX_POINT('',#3602);
#1107=VERTEX_POINT('',#3604);
#1108=VERTEX_POINT('',#3606);
#1109=VERTEX_POINT('',#3609);
#1110=VERTEX_POINT('',#3619);
#1111=VERTEX_POINT('',#3620);
#1112=VERTEX_POINT('',#3625);
#1113=VERTEX_POINT('',#3629);
#1114=VERTEX_POINT('',#3630);
#1115=VERTEX_POINT('',#3635);
#1116=VERTEX_POINT('',#3639);
#1117=VERTEX_POINT('',#3640);
#1118=VERTEX_POINT('',#3645);
#1119=VERTEX_POINT('',#3649);
#1120=VERTEX_POINT('',#3650);
#1121=VERTEX_POINT('',#3655);
#1122=VERTEX_POINT('',#3663);
#1123=VERTEX_POINT('',#3667);
#1124=VERTEX_POINT('',#3671);
#1125=VERTEX_POINT('',#3673);
#1126=VERTEX_POINT('',#3675);
#1127=VERTEX_POINT('',#3677);
#1128=VERTEX_POINT('',#3679);
#1129=VERTEX_POINT('',#3681);
#1130=VERTEX_POINT('',#3683);
#1131=VERTEX_POINT('',#3687);
#1132=VERTEX_POINT('',#3691);
#1133=VERTEX_POINT('',#3695);
#1134=VERTEX_POINT('',#3697);
#1135=VERTEX_POINT('',#3699);
#1136=VERTEX_POINT('',#3701);
#1137=VERTEX_POINT('',#3703);
#1138=VERTEX_POINT('',#3707);
#1139=VERTEX_POINT('',#3711);
#1140=VERTEX_POINT('',#3715);
#1141=VERTEX_POINT('',#3717);
#1142=VERTEX_POINT('',#3719);
#1143=VERTEX_POINT('',#3721);
#1144=VERTEX_POINT('',#3723);
#1145=VERTEX_POINT('',#3727);
#1146=VERTEX_POINT('',#3737);
#1147=VERTEX_POINT('',#3739);
#1148=VERTEX_POINT('',#3742);
#1149=VERTEX_POINT('',#3744);
#1150=VERTEX_POINT('',#3751);
#1151=VERTEX_POINT('',#3757);
#1152=VERTEX_POINT('',#3763);
#1153=VERTEX_POINT('',#3764);
#1154=VERTEX_POINT('',#3766);
#1155=VERTEX_POINT('',#3768);
#1156=VERTEX_POINT('',#3772);
#1157=VERTEX_POINT('',#3773);
#1158=VERTEX_POINT('',#3775);
#1159=VERTEX_POINT('',#3777);
#1160=VERTEX_POINT('',#3779);
#1161=VERTEX_POINT('',#3781);
#1162=VERTEX_POINT('',#3783);
#1163=VERTEX_POINT('',#3785);
#1164=VERTEX_POINT('',#3788);
#1165=VERTEX_POINT('',#3790);
#1166=VERTEX_POINT('',#3792);
#1167=VERTEX_POINT('',#3794);
#1168=VERTEX_POINT('',#3796);
#1169=VERTEX_POINT('',#3798);
#1170=VERTEX_POINT('',#3800);
#1171=VERTEX_POINT('',#3802);
#1172=VERTEX_POINT('',#3804);
#1173=VERTEX_POINT('',#3806);
#1174=VERTEX_POINT('',#3810);
#1175=VERTEX_POINT('',#3812);
#1176=VERTEX_POINT('',#3816);
#1177=VERTEX_POINT('',#3818);
#1178=VERTEX_POINT('',#3822);
#1179=VERTEX_POINT('',#3823);
#1180=VERTEX_POINT('',#3828);
#1181=VERTEX_POINT('',#3830);
#1182=VERTEX_POINT('',#3834);
#1183=VERTEX_POINT('',#3836);
#1184=VERTEX_POINT('',#3840);
#1185=VERTEX_POINT('',#3842);
#1186=VERTEX_POINT('',#3846);
#1187=VERTEX_POINT('',#3850);
#1188=VERTEX_POINT('',#3854);
#1189=VERTEX_POINT('',#3858);
#1190=VERTEX_POINT('',#3882);
#1191=VERTEX_POINT('',#3886);
#1192=VERTEX_POINT('',#3890);
#1193=VERTEX_POINT('',#3894);
#1194=VERTEX_POINT('',#3898);
#1195=VERTEX_POINT('',#3902);
#1196=VERTEX_POINT('',#3906);
#1197=VERTEX_POINT('',#3910);
#1198=VERTEX_POINT('',#3917);
#1199=VERTEX_POINT('',#3919);
#1200=VERTEX_POINT('',#3923);
#1201=VERTEX_POINT('',#3926);
#1202=VERTEX_POINT('',#3927);
#1203=VERTEX_POINT('',#3929);
#1204=VERTEX_POINT('',#3931);
#1205=VERTEX_POINT('',#3935);
#1206=VERTEX_POINT('',#3937);
#1207=VERTEX_POINT('',#3941);
#1208=VERTEX_POINT('',#3942);
#1209=VERTEX_POINT('',#3944);
#1210=VERTEX_POINT('',#3946);
#1211=VERTEX_POINT('',#3950);
#1212=VERTEX_POINT('',#3952);
#1213=VERTEX_POINT('',#3956);
#1214=VERTEX_POINT('',#3957);
#1215=VERTEX_POINT('',#3959);
#1216=VERTEX_POINT('',#3961);
#1217=VERTEX_POINT('',#3967);
#1218=VERTEX_POINT('',#3968);
#1219=VERTEX_POINT('',#3973);
#1220=VERTEX_POINT('',#3977);
#1221=VERTEX_POINT('',#3983);
#1222=VERTEX_POINT('',#3984);
#1223=VERTEX_POINT('',#3986);
#1224=VERTEX_POINT('',#3988);
#1225=VERTEX_POINT('',#3992);
#1226=VERTEX_POINT('',#3994);
#1227=VERTEX_POINT('',#3998);
#1228=VERTEX_POINT('',#4000);
#1229=VERTEX_POINT('',#4007);
#1230=VERTEX_POINT('',#4008);
#1231=VERTEX_POINT('',#4010);
#1232=VERTEX_POINT('',#4012);
#1233=VERTEX_POINT('',#4024);
#1234=VERTEX_POINT('',#4028);
#1235=VERTEX_POINT('',#4030);
#1236=VERTEX_POINT('',#4034);
#1237=VERTEX_POINT('',#4036);
#1238=VERTEX_POINT('',#4040);
#1239=VERTEX_POINT('',#4042);
#1240=VERTEX_POINT('',#4046);
#1241=VERTEX_POINT('',#4048);
#1242=VERTEX_POINT('',#4052);
#1243=VERTEX_POINT('',#4053);
#1244=VERTEX_POINT('',#4055);
#1245=VERTEX_POINT('',#4057);
#1246=VERTEX_POINT('',#4061);
#1247=VERTEX_POINT('',#4063);
#1248=VERTEX_POINT('',#4065);
#1249=VERTEX_POINT('',#4071);
#1250=VERTEX_POINT('',#4073);
#1251=VERTEX_POINT('',#4075);
#1252=VERTEX_POINT('',#4081);
#1253=VERTEX_POINT('',#4083);
#1254=VERTEX_POINT('',#4092);
#1255=VERTEX_POINT('',#4094);
#1256=VERTEX_POINT('',#4098);
#1257=VERTEX_POINT('',#4102);
#1258=VERTEX_POINT('',#4106);
#1259=VERTEX_POINT('',#4111);
#1260=VERTEX_POINT('',#4115);
#1261=VERTEX_POINT('',#4119);
#1262=EDGE_CURVE('',#1044,#1044,#950,.T.);
#1263=EDGE_CURVE('',#1044,#1045,#454,.T.);
#1264=EDGE_CURVE('',#1045,#1045,#951,.T.);
#1265=EDGE_CURVE('',#1046,#1046,#952,.T.);
#1266=EDGE_CURVE('',#1046,#1047,#455,.T.);
#1267=EDGE_CURVE('',#1047,#1047,#953,.T.);
#1268=EDGE_CURVE('',#1048,#1048,#954,.T.);
#1269=EDGE_CURVE('',#1048,#1049,#456,.T.);
#1270=EDGE_CURVE('',#1049,#1049,#955,.T.);
#1271=EDGE_CURVE('',#1050,#1050,#956,.T.);
#1272=EDGE_CURVE('',#1050,#1051,#457,.T.);
#1273=EDGE_CURVE('',#1051,#1051,#957,.T.);
#1274=EDGE_CURVE('',#1052,#1052,#958,.T.);
#1275=EDGE_CURVE('',#1052,#1053,#458,.T.);
#1276=EDGE_CURVE('',#1053,#1053,#959,.T.);
#1277=EDGE_CURVE('',#1054,#1055,#960,.T.);
#1278=EDGE_CURVE('',#1054,#1056,#459,.T.);
#1279=EDGE_CURVE('',#1057,#1056,#961,.T.);
#1280=EDGE_CURVE('',#1057,#1058,#460,.T.);
#1281=EDGE_CURVE('',#1059,#1058,#962,.T.);
#1282=EDGE_CURVE('',#1059,#1060,#461,.T.);
#1283=EDGE_CURVE('',#1061,#1060,#963,.T.);
#1284=EDGE_CURVE('',#1061,#1055,#462,.T.);
#1285=EDGE_CURVE('',#1062,#1062,#964,.T.);
#1286=EDGE_CURVE('',#1063,#1063,#965,.T.);
#1287=EDGE_CURVE('',#1064,#1065,#966,.T.);
#1288=EDGE_CURVE('',#1064,#1066,#463,.T.);
#1289=EDGE_CURVE('',#1066,#1067,#464,.T.);
#1290=EDGE_CURVE('',#1068,#1067,#465,.T.);
#1291=EDGE_CURVE('',#1069,#1068,#967,.T.);
#1292=EDGE_CURVE('',#1070,#1069,#466,.T.);
#1293=EDGE_CURVE('',#1070,#1071,#467,.T.);
#1294=EDGE_CURVE('',#1071,#1072,#468,.T.);
#1295=EDGE_CURVE('',#1073,#1072,#968,.T.);
#1296=EDGE_CURVE('',#1073,#1074,#469,.T.);
#1297=EDGE_CURVE('',#1074,#1075,#470,.T.);
#1298=EDGE_CURVE('',#1076,#1075,#471,.T.);
#1299=EDGE_CURVE('',#1077,#1076,#969,.T.);
#1300=EDGE_CURVE('',#1078,#1077,#472,.T.);
#1301=EDGE_CURVE('',#1078,#1079,#473,.T.);
#1302=EDGE_CURVE('',#1079,#1065,#474,.T.);
#1303=EDGE_CURVE('',#1080,#1080,#970,.T.);
#1304=EDGE_CURVE('',#1053,#1081,#475,.T.);
#1305=EDGE_CURVE('',#1081,#1081,#971,.T.);
#1306=EDGE_CURVE('',#1062,#1082,#476,.T.);
#1307=EDGE_CURVE('',#1082,#1082,#972,.T.);
#1308=EDGE_CURVE('',#1082,#1083,#477,.T.);
#1309=EDGE_CURVE('',#1083,#1083,#973,.T.);
#1310=EDGE_CURVE('',#1080,#1084,#478,.T.);
#1311=EDGE_CURVE('',#1084,#1084,#974,.T.);
#1312=EDGE_CURVE('',#1084,#1085,#479,.T.);
#1313=EDGE_CURVE('',#1085,#1085,#975,.T.);
#1314=EDGE_CURVE('',#1063,#1086,#480,.T.);
#1315=EDGE_CURVE('',#1086,#1086,#976,.T.);
#1316=EDGE_CURVE('',#1086,#1087,#481,.T.);
#1317=EDGE_CURVE('',#1087,#1087,#977,.T.);
#1318=EDGE_CURVE('',#1088,#1089,#978,.T.);
#1319=EDGE_CURVE('',#1089,#1090,#482,.T.);
#1320=EDGE_CURVE('',#1090,#1091,#979,.T.);
#1321=EDGE_CURVE('',#1091,#1088,#483,.T.);
#1322=EDGE_CURVE('',#1092,#1090,#980,.T.);
#1323=EDGE_CURVE('',#1090,#1093,#484,.T.);
#1324=EDGE_CURVE('',#1093,#1094,#981,.T.);
#1325=EDGE_CURVE('',#1094,#1092,#485,.T.);
#1326=EDGE_CURVE('',#1092,#1091,#982,.T.);
#1327=EDGE_CURVE('',#1095,#1093,#983,.T.);
#1328=EDGE_CURVE('',#1093,#1096,#486,.T.);
#1329=EDGE_CURVE('',#1096,#1097,#984,.T.);
#1330=EDGE_CURVE('',#1097,#1095,#487,.T.);
#1331=EDGE_CURVE('',#1095,#1094,#985,.T.);
#1332=EDGE_CURVE('',#1098,#1096,#986,.T.);
#1333=EDGE_CURVE('',#1096,#1089,#488,.T.);
#1334=EDGE_CURVE('',#1089,#1099,#987,.T.);
#1335=EDGE_CURVE('',#1099,#1098,#489,.T.);
#1336=EDGE_CURVE('',#1098,#1097,#988,.T.);
#1337=EDGE_CURVE('',#1088,#1099,#989,.T.);
#1338=EDGE_CURVE('',#1095,#1061,#490,.T.);
#1339=EDGE_CURVE('',#1060,#1094,#491,.T.);
#1340=EDGE_CURVE('',#1055,#1097,#492,.T.);
#1341=EDGE_CURVE('',#1098,#1054,#493,.T.);
#1342=EDGE_CURVE('',#1056,#1099,#494,.T.);
#1343=EDGE_CURVE('',#1100,#1100,#990,.T.);
#1344=EDGE_CURVE('',#1101,#1102,#495,.T.);
#1345=EDGE_CURVE('',#1102,#1103,#991,.T.);
#1346=EDGE_CURVE('',#1103,#1104,#496,.T.);
#1347=EDGE_CURVE('',#1104,#1105,#992,.T.);
#1348=EDGE_CURVE('',#1105,#1106,#497,.T.);
#1349=EDGE_CURVE('',#1106,#1107,#993,.T.);
#1350=EDGE_CURVE('',#1107,#1108,#498,.T.);
#1351=EDGE_CURVE('',#1108,#1101,#994,.T.);
#1352=EDGE_CURVE('',#1109,#1109,#995,.T.);
#1353=EDGE_CURVE('',#1092,#1059,#499,.T.);
#1354=EDGE_CURVE('',#1058,#1091,#500,.T.);
#1355=EDGE_CURVE('',#1088,#1057,#501,.T.);
#1356=EDGE_CURVE('',#1110,#1111,#996,.T.);
#1357=EDGE_CURVE('',#1111,#1064,#502,.T.);
#1358=EDGE_CURVE('',#1065,#1110,#503,.T.);
#1359=EDGE_CURVE('',#1112,#1079,#504,.T.);
#1360=EDGE_CURVE('',#1110,#1112,#505,.T.);
#1361=EDGE_CURVE('',#1113,#1114,#997,.T.);
#1362=EDGE_CURVE('',#1114,#1069,#506,.T.);
#1363=EDGE_CURVE('',#1068,#1113,#507,.T.);
#1364=EDGE_CURVE('',#1115,#1067,#508,.T.);
#1365=EDGE_CURVE('',#1113,#1115,#509,.T.);
#1366=EDGE_CURVE('',#1116,#1117,#998,.T.);
#1367=EDGE_CURVE('',#1117,#1073,#510,.T.);
#1368=EDGE_CURVE('',#1072,#1116,#511,.T.);
#1369=EDGE_CURVE('',#1118,#1071,#512,.T.);
#1370=EDGE_CURVE('',#1116,#1118,#513,.T.);
#1371=EDGE_CURVE('',#1119,#1120,#999,.T.);
#1372=EDGE_CURVE('',#1120,#1077,#514,.T.);
#1373=EDGE_CURVE('',#1076,#1119,#515,.T.);
#1374=EDGE_CURVE('',#1121,#1120,#516,.T.);
#1375=EDGE_CURVE('',#1078,#1121,#517,.T.);
#1376=EDGE_CURVE('',#1122,#1114,#518,.T.);
#1377=EDGE_CURVE('',#1070,#1122,#519,.T.);
#1378=EDGE_CURVE('',#1123,#1115,#520,.T.);
#1379=EDGE_CURVE('',#1122,#1123,#521,.T.);
#1380=EDGE_CURVE('',#1124,#1123,#522,.T.);
#1381=EDGE_CURVE('',#1125,#1124,#523,.T.);
#1382=EDGE_CURVE('',#1126,#1125,#524,.T.);
#1383=EDGE_CURVE('',#1127,#1126,#525,.T.);
#1384=EDGE_CURVE('',#1128,#1127,#526,.T.);
#1385=EDGE_CURVE('',#1129,#1128,#527,.T.);
#1386=EDGE_CURVE('',#1129,#1130,#528,.T.);
#1387=EDGE_CURVE('',#1130,#1118,#529,.T.);
#1388=EDGE_CURVE('',#1131,#1111,#530,.T.);
#1389=EDGE_CURVE('',#1066,#1131,#531,.T.);
#1390=EDGE_CURVE('',#1132,#1112,#532,.T.);
#1391=EDGE_CURVE('',#1131,#1132,#533,.T.);
#1392=EDGE_CURVE('',#1133,#1132,#534,.T.);
#1393=EDGE_CURVE('',#1134,#1133,#535,.T.);
#1394=EDGE_CURVE('',#1134,#1135,#536,.T.);
#1395=EDGE_CURVE('',#1136,#1135,#537,.T.);
#1396=EDGE_CURVE('',#1137,#1136,#538,.T.);
#1397=EDGE_CURVE('',#1124,#1137,#539,.T.);
#1398=EDGE_CURVE('',#1138,#1075,#540,.T.);
#1399=EDGE_CURVE('',#1119,#1138,#541,.T.);
#1400=EDGE_CURVE('',#1139,#1138,#542,.T.);
#1401=EDGE_CURVE('',#1121,#1139,#543,.T.);
#1402=EDGE_CURVE('',#1140,#1139,#544,.T.);
#1403=EDGE_CURVE('',#1141,#1140,#545,.T.);
#1404=EDGE_CURVE('',#1142,#1141,#546,.T.);
#1405=EDGE_CURVE('',#1143,#1142,#547,.T.);
#1406=EDGE_CURVE('',#1144,#1143,#548,.T.);
#1407=EDGE_CURVE('',#1133,#1144,#549,.T.);
#1408=EDGE_CURVE('',#1145,#1117,#550,.T.);
#1409=EDGE_CURVE('',#1074,#1145,#551,.T.);
#1410=EDGE_CURVE('',#1145,#1130,#552,.T.);
#1411=EDGE_CURVE('',#1140,#1129,#553,.T.);
#1412=EDGE_CURVE('',#1144,#1134,#1000,.T.);
#1413=EDGE_CURVE('',#1128,#1146,#1001,.T.);
#1414=EDGE_CURVE('',#1146,#1147,#554,.T.);
#1415=EDGE_CURVE('',#1147,#1141,#1002,.T.);
#1416=EDGE_CURVE('',#1148,#1148,#1003,.T.);
#1417=EDGE_CURVE('',#1149,#1149,#1004,.T.);
#1418=EDGE_CURVE('',#1137,#1125,#1005,.T.);
#1419=EDGE_CURVE('',#1135,#1143,#1006,.T.);
#1420=EDGE_CURVE('',#1150,#1150,#1007,.T.);
#1421=EDGE_CURVE('',#1150,#1109,#555,.T.);
#1422=EDGE_CURVE('',#1148,#1150,#556,.T.);
#1423=EDGE_CURVE('',#1151,#1151,#1008,.T.);
#1424=EDGE_CURVE('',#1151,#1100,#557,.T.);
#1425=EDGE_CURVE('',#1149,#1151,#558,.T.);
#1426=EDGE_CURVE('',#1152,#1153,#559,.F.);
#1427=EDGE_CURVE('',#1153,#1154,#560,.T.);
#1428=EDGE_CURVE('',#1154,#1155,#561,.F.);
#1429=EDGE_CURVE('',#1155,#1152,#562,.T.);
#1430=EDGE_CURVE('',#1156,#1157,#1009,.T.);
#1431=EDGE_CURVE('',#1158,#1156,#563,.T.);
#1432=EDGE_CURVE('',#1159,#1158,#1010,.T.);
#1433=EDGE_CURVE('',#1160,#1159,#564,.T.);
#1434=EDGE_CURVE('',#1161,#1160,#1011,.T.);
#1435=EDGE_CURVE('',#1162,#1161,#565,.T.);
#1436=EDGE_CURVE('',#1163,#1162,#1012,.T.);
#1437=EDGE_CURVE('',#1157,#1163,#566,.T.);
#1438=EDGE_CURVE('',#1154,#1164,#567,.T.);
#1439=EDGE_CURVE('',#1165,#1153,#568,.T.);
#1440=EDGE_CURVE('',#1166,#1165,#569,.T.);
#1441=EDGE_CURVE('',#1167,#1166,#570,.T.);
#1442=EDGE_CURVE('',#1168,#1167,#571,.T.);
#1443=EDGE_CURVE('',#1169,#1168,#572,.T.);
#1444=EDGE_CURVE('',#1170,#1169,#573,.T.);
#1445=EDGE_CURVE('',#1171,#1170,#574,.T.);
#1446=EDGE_CURVE('',#1172,#1171,#575,.T.);
#1447=EDGE_CURVE('',#1173,#1172,#576,.T.);
#1448=EDGE_CURVE('',#1164,#1173,#577,.T.);
#1449=EDGE_CURVE('',#1174,#1170,#578,.F.);
#1450=EDGE_CURVE('',#1169,#1175,#579,.F.);
#1451=EDGE_CURVE('',#1175,#1174,#580,.T.);
#1452=EDGE_CURVE('',#1176,#1155,#581,.T.);
#1453=EDGE_CURVE('',#1177,#1176,#582,.T.);
#1454=EDGE_CURVE('',#1152,#1177,#583,.T.);
#1455=EDGE_CURVE('',#1178,#1179,#584,.T.);
#1456=EDGE_CURVE('',#1177,#1178,#585,.T.);
#1457=EDGE_CURVE('',#1179,#1176,#586,.T.);
#1458=EDGE_CURVE('',#1180,#1175,#587,.T.);
#1459=EDGE_CURVE('',#1181,#1180,#588,.T.);
#1460=EDGE_CURVE('',#1174,#1181,#589,.T.);
#1461=EDGE_CURVE('',#1182,#1180,#590,.T.);
#1462=EDGE_CURVE('',#1183,#1182,#591,.T.);
#1463=EDGE_CURVE('',#1181,#1183,#592,.T.);
#1464=EDGE_CURVE('',#1183,#1184,#593,.T.);
#1465=EDGE_CURVE('',#1185,#1184,#594,.T.);
#1466=EDGE_CURVE('',#1171,#1185,#595,.T.);
#1467=EDGE_CURVE('',#1182,#1186,#596,.T.);
#1468=EDGE_CURVE('',#1184,#1186,#597,.T.);
#1469=EDGE_CURVE('',#1168,#1187,#598,.T.);
#1470=EDGE_CURVE('',#1186,#1187,#599,.T.);
#1471=EDGE_CURVE('',#1147,#1188,#600,.T.);
#1472=EDGE_CURVE('',#1142,#1188,#1013,.T.);
#1473=EDGE_CURVE('',#1188,#1189,#601,.T.);
#1474=EDGE_CURVE('',#1146,#1189,#602,.T.);
#1475=EDGE_CURVE('',#1189,#1127,#1014,.T.);
#1476=EDGE_CURVE('',#1126,#1136,#1015,.T.);
#1477=EDGE_CURVE('',#1101,#1158,#603,.T.);
#1478=EDGE_CURVE('',#1102,#1156,#604,.T.);
#1479=EDGE_CURVE('',#1108,#1159,#605,.T.);
#1480=EDGE_CURVE('',#1107,#1160,#606,.T.);
#1481=EDGE_CURVE('',#1106,#1161,#607,.T.);
#1482=EDGE_CURVE('',#1105,#1162,#608,.T.);
#1483=EDGE_CURVE('',#1104,#1163,#609,.T.);
#1484=EDGE_CURVE('',#1103,#1157,#610,.T.);
#1485=EDGE_CURVE('',#1167,#1190,#611,.T.);
#1486=EDGE_CURVE('',#1187,#1190,#612,.T.);
#1487=EDGE_CURVE('',#1166,#1191,#613,.T.);
#1488=EDGE_CURVE('',#1190,#1191,#614,.T.);
#1489=EDGE_CURVE('',#1165,#1192,#615,.T.);
#1490=EDGE_CURVE('',#1191,#1192,#616,.T.);
#1491=EDGE_CURVE('',#1193,#1185,#617,.T.);
#1492=EDGE_CURVE('',#1172,#1193,#618,.T.);
#1493=EDGE_CURVE('',#1194,#1193,#619,.T.);
#1494=EDGE_CURVE('',#1173,#1194,#620,.T.);
#1495=EDGE_CURVE('',#1195,#1194,#621,.T.);
#1496=EDGE_CURVE('',#1164,#1195,#622,.T.);
#1497=EDGE_CURVE('',#1196,#1195,#623,.T.);
#1498=EDGE_CURVE('',#1179,#1196,#624,.T.);
#1499=EDGE_CURVE('',#1197,#1196,#625,.T.);
#1500=EDGE_CURVE('',#1178,#1197,#626,.T.);
#1501=EDGE_CURVE('',#1192,#1197,#627,.T.);
#1502=EDGE_CURVE('',#1198,#1198,#1016,.T.);
#1503=EDGE_CURVE('',#1198,#1199,#628,.T.);
#1504=EDGE_CURVE('',#1199,#1199,#1017,.T.);
#1505=EDGE_CURVE('',#1200,#1200,#1018,.T.);
#1506=EDGE_CURVE('',#1201,#1202,#629,.T.);
#1507=EDGE_CURVE('',#1203,#1201,#630,.T.);
#1508=EDGE_CURVE('',#1204,#1203,#631,.T.);
#1509=EDGE_CURVE('',#1204,#1202,#632,.T.);
#1510=EDGE_CURVE('',#1203,#1205,#633,.T.);
#1511=EDGE_CURVE('',#1206,#1205,#634,.T.);
#1512=EDGE_CURVE('',#1206,#1204,#635,.T.);
#1513=EDGE_CURVE('',#1207,#1208,#636,.T.);
#1514=EDGE_CURVE('',#1209,#1207,#637,.T.);
#1515=EDGE_CURVE('',#1210,#1209,#638,.T.);
#1516=EDGE_CURVE('',#1210,#1208,#639,.T.);
#1517=EDGE_CURVE('',#1209,#1211,#640,.T.);
#1518=EDGE_CURVE('',#1212,#1211,#641,.T.);
#1519=EDGE_CURVE('',#1212,#1210,#642,.T.);
#1520=EDGE_CURVE('',#1213,#1214,#643,.T.);
#1521=EDGE_CURVE('',#1214,#1215,#644,.T.);
#1522=EDGE_CURVE('',#1215,#1216,#645,.T.);
#1523=EDGE_CURVE('',#1216,#1213,#646,.T.);
#1524=EDGE_CURVE('',#1208,#1201,#647,.T.);
#1525=EDGE_CURVE('',#1202,#1207,#648,.T.);
#1526=EDGE_CURVE('',#1217,#1218,#649,.T.);
#1527=EDGE_CURVE('',#1217,#1213,#650,.T.);
#1528=EDGE_CURVE('',#1218,#1216,#651,.T.);
#1529=EDGE_CURVE('',#1218,#1219,#652,.T.);
#1530=EDGE_CURVE('',#1219,#1215,#653,.T.);
#1531=EDGE_CURVE('',#1219,#1220,#654,.T.);
#1532=EDGE_CURVE('',#1220,#1214,#655,.T.);
#1533=EDGE_CURVE('',#1220,#1217,#656,.T.);
#1534=EDGE_CURVE('',#1221,#1222,#657,.T.);
#1535=EDGE_CURVE('',#1221,#1223,#658,.T.);
#1536=EDGE_CURVE('',#1223,#1224,#659,.T.);
#1537=EDGE_CURVE('',#1222,#1224,#660,.T.);
#1538=EDGE_CURVE('',#1225,#1221,#661,.T.);
#1539=EDGE_CURVE('',#1225,#1226,#662,.T.);
#1540=EDGE_CURVE('',#1226,#1223,#663,.T.);
#1541=EDGE_CURVE('',#1227,#1225,#664,.T.);
#1542=EDGE_CURVE('',#1227,#1228,#665,.T.);
#1543=EDGE_CURVE('',#1228,#1226,#666,.T.);
#1544=EDGE_CURVE('',#1222,#1227,#667,.T.);
#1545=EDGE_CURVE('',#1224,#1228,#668,.T.);
#1546=EDGE_CURVE('',#1229,#1230,#669,.T.);
#1547=EDGE_CURVE('',#1231,#1229,#670,.T.);
#1548=EDGE_CURVE('',#1232,#1231,#671,.T.);
#1549=EDGE_CURVE('',#1230,#1232,#672,.T.);
#1550=EDGE_CURVE('',#1231,#1205,#673,.T.);
#1551=EDGE_CURVE('',#1229,#1206,#674,.T.);
#1552=EDGE_CURVE('',#1230,#1211,#675,.T.);
#1553=EDGE_CURVE('',#1232,#1212,#676,.T.);
#1554=EDGE_CURVE('',#1200,#1233,#677,.T.);
#1555=EDGE_CURVE('',#1233,#1233,#1019,.T.);
#1556=EDGE_CURVE('',#1234,#1234,#1020,.T.);
#1557=EDGE_CURVE('',#1234,#1235,#678,.T.);
#1558=EDGE_CURVE('',#1235,#1235,#1021,.T.);
#1559=EDGE_CURVE('',#1236,#1236,#1022,.T.);
#1560=EDGE_CURVE('',#1236,#1237,#679,.T.);
#1561=EDGE_CURVE('',#1237,#1237,#1023,.T.);
#1562=EDGE_CURVE('',#1238,#1238,#1024,.T.);
#1563=EDGE_CURVE('',#1238,#1239,#680,.T.);
#1564=EDGE_CURVE('',#1239,#1239,#1025,.T.);
#1565=EDGE_CURVE('',#1240,#1240,#1026,.T.);
#1566=EDGE_CURVE('',#1240,#1241,#681,.T.);
#1567=EDGE_CURVE('',#1241,#1241,#1027,.T.);
#1568=EDGE_CURVE('',#1242,#1243,#1028,.T.);
#1569=EDGE_CURVE('',#1243,#1244,#682,.T.);
#1570=EDGE_CURVE('',#1244,#1245,#1029,.T.);
#1571=EDGE_CURVE('',#1245,#1242,#683,.T.);
#1572=EDGE_CURVE('',#1245,#1246,#1030,.T.);
#1573=EDGE_CURVE('',#1246,#1247,#684,.T.);
#1574=EDGE_CURVE('',#1247,#1248,#1031,.T.);
#1575=EDGE_CURVE('',#1248,#1245,#685,.T.);
#1576=EDGE_CURVE('',#1244,#1246,#1032,.T.);
#1577=EDGE_CURVE('',#1248,#1249,#1033,.T.);
#1578=EDGE_CURVE('',#1249,#1250,#686,.T.);
#1579=EDGE_CURVE('',#1250,#1251,#1034,.T.);
#1580=EDGE_CURVE('',#1251,#1248,#687,.T.);
#1581=EDGE_CURVE('',#1247,#1249,#1035,.T.);
#1582=EDGE_CURVE('',#1251,#1252,#1036,.T.);
#1583=EDGE_CURVE('',#1252,#1253,#688,.T.);
#1584=EDGE_CURVE('',#1253,#1242,#1037,.T.);
#1585=EDGE_CURVE('',#1242,#1251,#689,.T.);
#1586=EDGE_CURVE('',#1250,#1252,#1038,.T.);
#1587=EDGE_CURVE('',#1253,#1243,#1039,.T.);
#1588=EDGE_CURVE('',#1254,#1244,#690,.T.);
#1589=EDGE_CURVE('',#1254,#1255,#1040,.T.);
#1590=EDGE_CURVE('',#1255,#1246,#691,.T.);
#1591=EDGE_CURVE('',#1256,#1243,#692,.T.);
#1592=EDGE_CURVE('',#1256,#1254,#693,.T.);
#1593=EDGE_CURVE('',#1257,#1253,#694,.T.);
#1594=EDGE_CURVE('',#1257,#1256,#1041,.T.);
#1595=EDGE_CURVE('',#1258,#1252,#695,.T.);
#1596=EDGE_CURVE('',#1258,#1257,#696,.T.);
#1597=EDGE_CURVE('',#1259,#1250,#697,.T.);
#1598=EDGE_CURVE('',#1259,#1258,#1042,.T.);
#1599=EDGE_CURVE('',#1260,#1249,#698,.T.);
#1600=EDGE_CURVE('',#1260,#1259,#699,.T.);
#1601=EDGE_CURVE('',#1261,#1247,#700,.T.);
#1602=EDGE_CURVE('',#1261,#1260,#1043,.T.);
#1603=EDGE_CURVE('',#1255,#1261,#701,.T.);
#1604=ORIENTED_EDGE('',*,*,#1262,.F.);
#1605=ORIENTED_EDGE('',*,*,#1263,.T.);
#1606=ORIENTED_EDGE('',*,*,#1264,.F.);
#1607=ORIENTED_EDGE('',*,*,#1263,.F.);
#1608=ORIENTED_EDGE('',*,*,#1265,.F.);
#1609=ORIENTED_EDGE('',*,*,#1266,.T.);
#1610=ORIENTED_EDGE('',*,*,#1267,.F.);
#1611=ORIENTED_EDGE('',*,*,#1266,.F.);
#1612=ORIENTED_EDGE('',*,*,#1268,.F.);
#1613=ORIENTED_EDGE('',*,*,#1269,.T.);
#1614=ORIENTED_EDGE('',*,*,#1270,.F.);
#1615=ORIENTED_EDGE('',*,*,#1269,.F.);
#1616=ORIENTED_EDGE('',*,*,#1271,.F.);
#1617=ORIENTED_EDGE('',*,*,#1272,.T.);
#1618=ORIENTED_EDGE('',*,*,#1273,.F.);
#1619=ORIENTED_EDGE('',*,*,#1272,.F.);
#1620=ORIENTED_EDGE('',*,*,#1274,.T.);
#1621=ORIENTED_EDGE('',*,*,#1275,.T.);
#1622=ORIENTED_EDGE('',*,*,#1276,.T.);
#1623=ORIENTED_EDGE('',*,*,#1275,.F.);
#1624=ORIENTED_EDGE('',*,*,#1277,.F.);
#1625=ORIENTED_EDGE('',*,*,#1278,.T.);
#1626=ORIENTED_EDGE('',*,*,#1279,.F.);
#1627=ORIENTED_EDGE('',*,*,#1280,.T.);
#1628=ORIENTED_EDGE('',*,*,#1281,.F.);
#1629=ORIENTED_EDGE('',*,*,#1282,.T.);
#1630=ORIENTED_EDGE('',*,*,#1283,.F.);
#1631=ORIENTED_EDGE('',*,*,#1284,.T.);
#1632=ORIENTED_EDGE('',*,*,#1285,.F.);
#1633=ORIENTED_EDGE('',*,*,#1286,.F.);
#1634=ORIENTED_EDGE('',*,*,#1287,.F.);
#1635=ORIENTED_EDGE('',*,*,#1288,.T.);
#1636=ORIENTED_EDGE('',*,*,#1289,.T.);
#1637=ORIENTED_EDGE('',*,*,#1290,.F.);
#1638=ORIENTED_EDGE('',*,*,#1291,.F.);
#1639=ORIENTED_EDGE('',*,*,#1292,.F.);
#1640=ORIENTED_EDGE('',*,*,#1293,.T.);
#1641=ORIENTED_EDGE('',*,*,#1294,.T.);
#1642=ORIENTED_EDGE('',*,*,#1295,.F.);
#1643=ORIENTED_EDGE('',*,*,#1296,.T.);
#1644=ORIENTED_EDGE('',*,*,#1297,.T.);
#1645=ORIENTED_EDGE('',*,*,#1298,.F.);
#1646=ORIENTED_EDGE('',*,*,#1299,.F.);
#1647=ORIENTED_EDGE('',*,*,#1300,.F.);
#1648=ORIENTED_EDGE('',*,*,#1301,.T.);
#1649=ORIENTED_EDGE('',*,*,#1302,.T.);
#1650=ORIENTED_EDGE('',*,*,#1303,.F.);
#1651=ORIENTED_EDGE('',*,*,#1274,.F.);
#1652=ORIENTED_EDGE('',*,*,#1276,.F.);
#1653=ORIENTED_EDGE('',*,*,#1304,.T.);
#1654=ORIENTED_EDGE('',*,*,#1305,.T.);
#1655=ORIENTED_EDGE('',*,*,#1304,.F.);
#1656=ORIENTED_EDGE('',*,*,#1285,.T.);
#1657=ORIENTED_EDGE('',*,*,#1306,.T.);
#1658=ORIENTED_EDGE('',*,*,#1307,.T.);
#1659=ORIENTED_EDGE('',*,*,#1306,.F.);
#1660=ORIENTED_EDGE('',*,*,#1307,.F.);
#1661=ORIENTED_EDGE('',*,*,#1308,.T.);
#1662=ORIENTED_EDGE('',*,*,#1309,.T.);
#1663=ORIENTED_EDGE('',*,*,#1308,.F.);
#1664=ORIENTED_EDGE('',*,*,#1303,.T.);
#1665=ORIENTED_EDGE('',*,*,#1310,.T.);
#1666=ORIENTED_EDGE('',*,*,#1311,.T.);
#1667=ORIENTED_EDGE('',*,*,#1310,.F.);
#1668=ORIENTED_EDGE('',*,*,#1311,.F.);
#1669=ORIENTED_EDGE('',*,*,#1312,.T.);
#1670=ORIENTED_EDGE('',*,*,#1313,.T.);
#1671=ORIENTED_EDGE('',*,*,#1312,.F.);
#1672=ORIENTED_EDGE('',*,*,#1286,.T.);
#1673=ORIENTED_EDGE('',*,*,#1314,.T.);
#1674=ORIENTED_EDGE('',*,*,#1315,.T.);
#1675=ORIENTED_EDGE('',*,*,#1314,.F.);
#1676=ORIENTED_EDGE('',*,*,#1315,.F.);
#1677=ORIENTED_EDGE('',*,*,#1316,.T.);
#1678=ORIENTED_EDGE('',*,*,#1317,.T.);
#1679=ORIENTED_EDGE('',*,*,#1316,.F.);
#1680=ORIENTED_EDGE('',*,*,#1318,.T.);
#1681=ORIENTED_EDGE('',*,*,#1319,.T.);
#1682=ORIENTED_EDGE('',*,*,#1320,.T.);
#1683=ORIENTED_EDGE('',*,*,#1321,.T.);
#1684=ORIENTED_EDGE('',*,*,#1322,.T.);
#1685=ORIENTED_EDGE('',*,*,#1323,.T.);
#1686=ORIENTED_EDGE('',*,*,#1324,.T.);
#1687=ORIENTED_EDGE('',*,*,#1325,.T.);
#1688=ORIENTED_EDGE('',*,*,#1322,.F.);
#1689=ORIENTED_EDGE('',*,*,#1326,.T.);
#1690=ORIENTED_EDGE('',*,*,#1320,.F.);
#1691=ORIENTED_EDGE('',*,*,#1327,.T.);
#1692=ORIENTED_EDGE('',*,*,#1328,.T.);
#1693=ORIENTED_EDGE('',*,*,#1329,.T.);
#1694=ORIENTED_EDGE('',*,*,#1330,.T.);
#1695=ORIENTED_EDGE('',*,*,#1327,.F.);
#1696=ORIENTED_EDGE('',*,*,#1331,.T.);
#1697=ORIENTED_EDGE('',*,*,#1324,.F.);
#1698=ORIENTED_EDGE('',*,*,#1332,.T.);
#1699=ORIENTED_EDGE('',*,*,#1333,.T.);
#1700=ORIENTED_EDGE('',*,*,#1334,.T.);
#1701=ORIENTED_EDGE('',*,*,#1335,.T.);
#1702=ORIENTED_EDGE('',*,*,#1332,.F.);
#1703=ORIENTED_EDGE('',*,*,#1336,.T.);
#1704=ORIENTED_EDGE('',*,*,#1329,.F.);
#1705=ORIENTED_EDGE('',*,*,#1318,.F.);
#1706=ORIENTED_EDGE('',*,*,#1337,.T.);
#1707=ORIENTED_EDGE('',*,*,#1334,.F.);
#1708=ORIENTED_EDGE('',*,*,#1331,.F.);
#1709=ORIENTED_EDGE('',*,*,#1338,.T.);
#1710=ORIENTED_EDGE('',*,*,#1283,.T.);
#1711=ORIENTED_EDGE('',*,*,#1339,.T.);
#1712=ORIENTED_EDGE('',*,*,#1330,.F.);
#1713=ORIENTED_EDGE('',*,*,#1340,.F.);
#1714=ORIENTED_EDGE('',*,*,#1284,.F.);
#1715=ORIENTED_EDGE('',*,*,#1338,.F.);
#1716=ORIENTED_EDGE('',*,*,#1336,.F.);
#1717=ORIENTED_EDGE('',*,*,#1341,.T.);
#1718=ORIENTED_EDGE('',*,*,#1277,.T.);
#1719=ORIENTED_EDGE('',*,*,#1340,.T.);
#1720=ORIENTED_EDGE('',*,*,#1335,.F.);
#1721=ORIENTED_EDGE('',*,*,#1342,.F.);
#1722=ORIENTED_EDGE('',*,*,#1278,.F.);
#1723=ORIENTED_EDGE('',*,*,#1341,.F.);
#1724=ORIENTED_EDGE('',*,*,#1319,.F.);
#1725=ORIENTED_EDGE('',*,*,#1333,.F.);
#1726=ORIENTED_EDGE('',*,*,#1328,.F.);
#1727=ORIENTED_EDGE('',*,*,#1323,.F.);
#1728=ORIENTED_EDGE('',*,*,#1343,.F.);
#1729=ORIENTED_EDGE('',*,*,#1344,.T.);
#1730=ORIENTED_EDGE('',*,*,#1345,.T.);
#1731=ORIENTED_EDGE('',*,*,#1346,.T.);
#1732=ORIENTED_EDGE('',*,*,#1347,.T.);
#1733=ORIENTED_EDGE('',*,*,#1348,.T.);
#1734=ORIENTED_EDGE('',*,*,#1349,.T.);
#1735=ORIENTED_EDGE('',*,*,#1350,.T.);
#1736=ORIENTED_EDGE('',*,*,#1351,.T.);
#1737=ORIENTED_EDGE('',*,*,#1352,.F.);
#1738=ORIENTED_EDGE('',*,*,#1325,.F.);
#1739=ORIENTED_EDGE('',*,*,#1339,.F.);
#1740=ORIENTED_EDGE('',*,*,#1282,.F.);
#1741=ORIENTED_EDGE('',*,*,#1353,.F.);
#1742=ORIENTED_EDGE('',*,*,#1326,.F.);
#1743=ORIENTED_EDGE('',*,*,#1353,.T.);
#1744=ORIENTED_EDGE('',*,*,#1281,.T.);
#1745=ORIENTED_EDGE('',*,*,#1354,.T.);
#1746=ORIENTED_EDGE('',*,*,#1321,.F.);
#1747=ORIENTED_EDGE('',*,*,#1354,.F.);
#1748=ORIENTED_EDGE('',*,*,#1280,.F.);
#1749=ORIENTED_EDGE('',*,*,#1355,.F.);
#1750=ORIENTED_EDGE('',*,*,#1337,.F.);
#1751=ORIENTED_EDGE('',*,*,#1355,.T.);
#1752=ORIENTED_EDGE('',*,*,#1279,.T.);
#1753=ORIENTED_EDGE('',*,*,#1342,.T.);
#1754=ORIENTED_EDGE('',*,*,#1356,.T.);
#1755=ORIENTED_EDGE('',*,*,#1357,.T.);
#1756=ORIENTED_EDGE('',*,*,#1287,.T.);
#1757=ORIENTED_EDGE('',*,*,#1358,.T.);
#1758=ORIENTED_EDGE('',*,*,#1358,.F.);
#1759=ORIENTED_EDGE('',*,*,#1302,.F.);
#1760=ORIENTED_EDGE('',*,*,#1359,.F.);
#1761=ORIENTED_EDGE('',*,*,#1360,.F.);
#1762=ORIENTED_EDGE('',*,*,#1361,.T.);
#1763=ORIENTED_EDGE('',*,*,#1362,.T.);
#1764=ORIENTED_EDGE('',*,*,#1291,.T.);
#1765=ORIENTED_EDGE('',*,*,#1363,.T.);
#1766=ORIENTED_EDGE('',*,*,#1363,.F.);
#1767=ORIENTED_EDGE('',*,*,#1290,.T.);
#1768=ORIENTED_EDGE('',*,*,#1364,.F.);
#1769=ORIENTED_EDGE('',*,*,#1365,.F.);
#1770=ORIENTED_EDGE('',*,*,#1366,.T.);
#1771=ORIENTED_EDGE('',*,*,#1367,.T.);
#1772=ORIENTED_EDGE('',*,*,#1295,.T.);
#1773=ORIENTED_EDGE('',*,*,#1368,.T.);
#1774=ORIENTED_EDGE('',*,*,#1368,.F.);
#1775=ORIENTED_EDGE('',*,*,#1294,.F.);
#1776=ORIENTED_EDGE('',*,*,#1369,.F.);
#1777=ORIENTED_EDGE('',*,*,#1370,.F.);
#1778=ORIENTED_EDGE('',*,*,#1371,.T.);
#1779=ORIENTED_EDGE('',*,*,#1372,.T.);
#1780=ORIENTED_EDGE('',*,*,#1299,.T.);
#1781=ORIENTED_EDGE('',*,*,#1373,.T.);
#1782=ORIENTED_EDGE('',*,*,#1372,.F.);
#1783=ORIENTED_EDGE('',*,*,#1374,.F.);
#1784=ORIENTED_EDGE('',*,*,#1375,.F.);
#1785=ORIENTED_EDGE('',*,*,#1300,.T.);
#1786=ORIENTED_EDGE('',*,*,#1313,.F.);
#1787=ORIENTED_EDGE('',*,*,#1265,.T.);
#1788=ORIENTED_EDGE('',*,*,#1309,.F.);
#1789=ORIENTED_EDGE('',*,*,#1262,.T.);
#1790=ORIENTED_EDGE('',*,*,#1317,.F.);
#1791=ORIENTED_EDGE('',*,*,#1271,.T.);
#1792=ORIENTED_EDGE('',*,*,#1305,.F.);
#1793=ORIENTED_EDGE('',*,*,#1268,.T.);
#1794=ORIENTED_EDGE('',*,*,#1362,.F.);
#1795=ORIENTED_EDGE('',*,*,#1376,.F.);
#1796=ORIENTED_EDGE('',*,*,#1377,.F.);
#1797=ORIENTED_EDGE('',*,*,#1292,.T.);
#1798=ORIENTED_EDGE('',*,*,#1361,.F.);
#1799=ORIENTED_EDGE('',*,*,#1365,.T.);
#1800=ORIENTED_EDGE('',*,*,#1378,.F.);
#1801=ORIENTED_EDGE('',*,*,#1379,.F.);
#1802=ORIENTED_EDGE('',*,*,#1376,.T.);
#1803=ORIENTED_EDGE('',*,*,#1264,.T.);
#1804=ORIENTED_EDGE('',*,*,#1377,.T.);
#1805=ORIENTED_EDGE('',*,*,#1379,.T.);
#1806=ORIENTED_EDGE('',*,*,#1380,.F.);
#1807=ORIENTED_EDGE('',*,*,#1381,.F.);
#1808=ORIENTED_EDGE('',*,*,#1382,.F.);
#1809=ORIENTED_EDGE('',*,*,#1383,.F.);
#1810=ORIENTED_EDGE('',*,*,#1384,.F.);
#1811=ORIENTED_EDGE('',*,*,#1385,.F.);
#1812=ORIENTED_EDGE('',*,*,#1386,.T.);
#1813=ORIENTED_EDGE('',*,*,#1387,.T.);
#1814=ORIENTED_EDGE('',*,*,#1369,.T.);
#1815=ORIENTED_EDGE('',*,*,#1293,.F.);
#1816=ORIENTED_EDGE('',*,*,#1357,.F.);
#1817=ORIENTED_EDGE('',*,*,#1388,.F.);
#1818=ORIENTED_EDGE('',*,*,#1389,.F.);
#1819=ORIENTED_EDGE('',*,*,#1288,.F.);
#1820=ORIENTED_EDGE('',*,*,#1356,.F.);
#1821=ORIENTED_EDGE('',*,*,#1360,.T.);
#1822=ORIENTED_EDGE('',*,*,#1390,.F.);
#1823=ORIENTED_EDGE('',*,*,#1391,.F.);
#1824=ORIENTED_EDGE('',*,*,#1388,.T.);
#1825=ORIENTED_EDGE('',*,*,#1270,.T.);
#1826=ORIENTED_EDGE('',*,*,#1364,.T.);
#1827=ORIENTED_EDGE('',*,*,#1289,.F.);
#1828=ORIENTED_EDGE('',*,*,#1389,.T.);
#1829=ORIENTED_EDGE('',*,*,#1391,.T.);
#1830=ORIENTED_EDGE('',*,*,#1392,.F.);
#1831=ORIENTED_EDGE('',*,*,#1393,.F.);
#1832=ORIENTED_EDGE('',*,*,#1394,.T.);
#1833=ORIENTED_EDGE('',*,*,#1395,.F.);
#1834=ORIENTED_EDGE('',*,*,#1396,.F.);
#1835=ORIENTED_EDGE('',*,*,#1397,.F.);
#1836=ORIENTED_EDGE('',*,*,#1380,.T.);
#1837=ORIENTED_EDGE('',*,*,#1378,.T.);
#1838=ORIENTED_EDGE('',*,*,#1373,.F.);
#1839=ORIENTED_EDGE('',*,*,#1298,.T.);
#1840=ORIENTED_EDGE('',*,*,#1398,.F.);
#1841=ORIENTED_EDGE('',*,*,#1399,.F.);
#1842=ORIENTED_EDGE('',*,*,#1371,.F.);
#1843=ORIENTED_EDGE('',*,*,#1399,.T.);
#1844=ORIENTED_EDGE('',*,*,#1400,.F.);
#1845=ORIENTED_EDGE('',*,*,#1401,.F.);
#1846=ORIENTED_EDGE('',*,*,#1374,.T.);
#1847=ORIENTED_EDGE('',*,*,#1273,.T.);
#1848=ORIENTED_EDGE('',*,*,#1359,.T.);
#1849=ORIENTED_EDGE('',*,*,#1301,.F.);
#1850=ORIENTED_EDGE('',*,*,#1375,.T.);
#1851=ORIENTED_EDGE('',*,*,#1401,.T.);
#1852=ORIENTED_EDGE('',*,*,#1402,.F.);
#1853=ORIENTED_EDGE('',*,*,#1403,.F.);
#1854=ORIENTED_EDGE('',*,*,#1404,.F.);
#1855=ORIENTED_EDGE('',*,*,#1405,.F.);
#1856=ORIENTED_EDGE('',*,*,#1406,.F.);
#1857=ORIENTED_EDGE('',*,*,#1407,.F.);
#1858=ORIENTED_EDGE('',*,*,#1392,.T.);
#1859=ORIENTED_EDGE('',*,*,#1390,.T.);
#1860=ORIENTED_EDGE('',*,*,#1367,.F.);
#1861=ORIENTED_EDGE('',*,*,#1408,.F.);
#1862=ORIENTED_EDGE('',*,*,#1409,.F.);
#1863=ORIENTED_EDGE('',*,*,#1296,.F.);
#1864=ORIENTED_EDGE('',*,*,#1366,.F.);
#1865=ORIENTED_EDGE('',*,*,#1370,.T.);
#1866=ORIENTED_EDGE('',*,*,#1387,.F.);
#1867=ORIENTED_EDGE('',*,*,#1410,.F.);
#1868=ORIENTED_EDGE('',*,*,#1408,.T.);
#1869=ORIENTED_EDGE('',*,*,#1267,.T.);
#1870=ORIENTED_EDGE('',*,*,#1398,.T.);
#1871=ORIENTED_EDGE('',*,*,#1297,.F.);
#1872=ORIENTED_EDGE('',*,*,#1409,.T.);
#1873=ORIENTED_EDGE('',*,*,#1410,.T.);
#1874=ORIENTED_EDGE('',*,*,#1386,.F.);
#1875=ORIENTED_EDGE('',*,*,#1411,.F.);
#1876=ORIENTED_EDGE('',*,*,#1402,.T.);
#1877=ORIENTED_EDGE('',*,*,#1400,.T.);
#1878=ORIENTED_EDGE('',*,*,#1393,.T.);
#1879=ORIENTED_EDGE('',*,*,#1407,.T.);
#1880=ORIENTED_EDGE('',*,*,#1412,.T.);
#1881=ORIENTED_EDGE('',*,*,#1385,.T.);
#1882=ORIENTED_EDGE('',*,*,#1413,.T.);
#1883=ORIENTED_EDGE('',*,*,#1414,.T.);
#1884=ORIENTED_EDGE('',*,*,#1415,.T.);
#1885=ORIENTED_EDGE('',*,*,#1403,.T.);
#1886=ORIENTED_EDGE('',*,*,#1411,.T.);
#1887=ORIENTED_EDGE('',*,*,#1416,.F.);
#1888=ORIENTED_EDGE('',*,*,#1417,.F.);
#1889=ORIENTED_EDGE('',*,*,#1381,.T.);
#1890=ORIENTED_EDGE('',*,*,#1397,.T.);
#1891=ORIENTED_EDGE('',*,*,#1418,.T.);
#1892=ORIENTED_EDGE('',*,*,#1406,.T.);
#1893=ORIENTED_EDGE('',*,*,#1419,.F.);
#1894=ORIENTED_EDGE('',*,*,#1394,.F.);
#1895=ORIENTED_EDGE('',*,*,#1412,.F.);
#1896=ORIENTED_EDGE('',*,*,#1420,.T.);
#1897=ORIENTED_EDGE('',*,*,#1421,.T.);
#1898=ORIENTED_EDGE('',*,*,#1352,.T.);
#1899=ORIENTED_EDGE('',*,*,#1421,.F.);
#1900=ORIENTED_EDGE('',*,*,#1416,.T.);
#1901=ORIENTED_EDGE('',*,*,#1422,.T.);
#1902=ORIENTED_EDGE('',*,*,#1420,.F.);
#1903=ORIENTED_EDGE('',*,*,#1422,.F.);
#1904=ORIENTED_EDGE('',*,*,#1423,.T.);
#1905=ORIENTED_EDGE('',*,*,#1424,.T.);
#1906=ORIENTED_EDGE('',*,*,#1343,.T.);
#1907=ORIENTED_EDGE('',*,*,#1424,.F.);
#1908=ORIENTED_EDGE('',*,*,#1417,.T.);
#1909=ORIENTED_EDGE('',*,*,#1425,.T.);
#1910=ORIENTED_EDGE('',*,*,#1423,.F.);
#1911=ORIENTED_EDGE('',*,*,#1425,.F.);
#1912=ORIENTED_EDGE('',*,*,#1426,.T.);
#1913=ORIENTED_EDGE('',*,*,#1427,.T.);
#1914=ORIENTED_EDGE('',*,*,#1428,.T.);
#1915=ORIENTED_EDGE('',*,*,#1429,.T.);
#1916=ORIENTED_EDGE('',*,*,#1430,.F.);
#1917=ORIENTED_EDGE('',*,*,#1431,.F.);
#1918=ORIENTED_EDGE('',*,*,#1432,.F.);
#1919=ORIENTED_EDGE('',*,*,#1433,.F.);
#1920=ORIENTED_EDGE('',*,*,#1434,.F.);
#1921=ORIENTED_EDGE('',*,*,#1435,.F.);
#1922=ORIENTED_EDGE('',*,*,#1436,.F.);
#1923=ORIENTED_EDGE('',*,*,#1437,.F.);
#1924=ORIENTED_EDGE('',*,*,#1438,.F.);
#1925=ORIENTED_EDGE('',*,*,#1427,.F.);
#1926=ORIENTED_EDGE('',*,*,#1439,.F.);
#1927=ORIENTED_EDGE('',*,*,#1440,.F.);
#1928=ORIENTED_EDGE('',*,*,#1441,.F.);
#1929=ORIENTED_EDGE('',*,*,#1442,.F.);
#1930=ORIENTED_EDGE('',*,*,#1443,.F.);
#1931=ORIENTED_EDGE('',*,*,#1444,.F.);
#1932=ORIENTED_EDGE('',*,*,#1445,.F.);
#1933=ORIENTED_EDGE('',*,*,#1446,.F.);
#1934=ORIENTED_EDGE('',*,*,#1447,.F.);
#1935=ORIENTED_EDGE('',*,*,#1448,.F.);
#1936=ORIENTED_EDGE('',*,*,#1449,.T.);
#1937=ORIENTED_EDGE('',*,*,#1444,.T.);
#1938=ORIENTED_EDGE('',*,*,#1450,.T.);
#1939=ORIENTED_EDGE('',*,*,#1451,.T.);
#1940=ORIENTED_EDGE('',*,*,#1429,.F.);
#1941=ORIENTED_EDGE('',*,*,#1452,.F.);
#1942=ORIENTED_EDGE('',*,*,#1453,.F.);
#1943=ORIENTED_EDGE('',*,*,#1454,.F.);
#1944=ORIENTED_EDGE('',*,*,#1455,.F.);
#1945=ORIENTED_EDGE('',*,*,#1456,.F.);
#1946=ORIENTED_EDGE('',*,*,#1453,.T.);
#1947=ORIENTED_EDGE('',*,*,#1457,.F.);
#1948=ORIENTED_EDGE('',*,*,#1451,.F.);
#1949=ORIENTED_EDGE('',*,*,#1458,.F.);
#1950=ORIENTED_EDGE('',*,*,#1459,.F.);
#1951=ORIENTED_EDGE('',*,*,#1460,.F.);
#1952=ORIENTED_EDGE('',*,*,#1461,.F.);
#1953=ORIENTED_EDGE('',*,*,#1462,.F.);
#1954=ORIENTED_EDGE('',*,*,#1463,.F.);
#1955=ORIENTED_EDGE('',*,*,#1459,.T.);
#1956=ORIENTED_EDGE('',*,*,#1460,.T.);
#1957=ORIENTED_EDGE('',*,*,#1463,.T.);
#1958=ORIENTED_EDGE('',*,*,#1464,.T.);
#1959=ORIENTED_EDGE('',*,*,#1465,.F.);
#1960=ORIENTED_EDGE('',*,*,#1466,.F.);
#1961=ORIENTED_EDGE('',*,*,#1445,.T.);
#1962=ORIENTED_EDGE('',*,*,#1449,.F.);
#1963=ORIENTED_EDGE('',*,*,#1462,.T.);
#1964=ORIENTED_EDGE('',*,*,#1467,.T.);
#1965=ORIENTED_EDGE('',*,*,#1468,.F.);
#1966=ORIENTED_EDGE('',*,*,#1464,.F.);
#1967=ORIENTED_EDGE('',*,*,#1461,.T.);
#1968=ORIENTED_EDGE('',*,*,#1458,.T.);
#1969=ORIENTED_EDGE('',*,*,#1450,.F.);
#1970=ORIENTED_EDGE('',*,*,#1443,.T.);
#1971=ORIENTED_EDGE('',*,*,#1469,.T.);
#1972=ORIENTED_EDGE('',*,*,#1470,.F.);
#1973=ORIENTED_EDGE('',*,*,#1467,.F.);
#1974=ORIENTED_EDGE('',*,*,#1404,.T.);
#1975=ORIENTED_EDGE('',*,*,#1415,.F.);
#1976=ORIENTED_EDGE('',*,*,#1471,.T.);
#1977=ORIENTED_EDGE('',*,*,#1472,.F.);
#1978=ORIENTED_EDGE('',*,*,#1473,.F.);
#1979=ORIENTED_EDGE('',*,*,#1471,.F.);
#1980=ORIENTED_EDGE('',*,*,#1414,.F.);
#1981=ORIENTED_EDGE('',*,*,#1474,.T.);
#1982=ORIENTED_EDGE('',*,*,#1384,.T.);
#1983=ORIENTED_EDGE('',*,*,#1475,.F.);
#1984=ORIENTED_EDGE('',*,*,#1474,.F.);
#1985=ORIENTED_EDGE('',*,*,#1413,.F.);
#1986=ORIENTED_EDGE('',*,*,#1382,.T.);
#1987=ORIENTED_EDGE('',*,*,#1418,.F.);
#1988=ORIENTED_EDGE('',*,*,#1396,.T.);
#1989=ORIENTED_EDGE('',*,*,#1476,.F.);
#1990=ORIENTED_EDGE('',*,*,#1344,.F.);
#1991=ORIENTED_EDGE('',*,*,#1477,.T.);
#1992=ORIENTED_EDGE('',*,*,#1431,.T.);
#1993=ORIENTED_EDGE('',*,*,#1478,.F.);
#1994=ORIENTED_EDGE('',*,*,#1351,.F.);
#1995=ORIENTED_EDGE('',*,*,#1479,.T.);
#1996=ORIENTED_EDGE('',*,*,#1432,.T.);
#1997=ORIENTED_EDGE('',*,*,#1477,.F.);
#1998=ORIENTED_EDGE('',*,*,#1350,.F.);
#1999=ORIENTED_EDGE('',*,*,#1480,.T.);
#2000=ORIENTED_EDGE('',*,*,#1433,.T.);
#2001=ORIENTED_EDGE('',*,*,#1479,.F.);
#2002=ORIENTED_EDGE('',*,*,#1349,.F.);
#2003=ORIENTED_EDGE('',*,*,#1481,.T.);
#2004=ORIENTED_EDGE('',*,*,#1434,.T.);
#2005=ORIENTED_EDGE('',*,*,#1480,.F.);
#2006=ORIENTED_EDGE('',*,*,#1348,.F.);
#2007=ORIENTED_EDGE('',*,*,#1482,.T.);
#2008=ORIENTED_EDGE('',*,*,#1435,.T.);
#2009=ORIENTED_EDGE('',*,*,#1481,.F.);
#2010=ORIENTED_EDGE('',*,*,#1347,.F.);
#2011=ORIENTED_EDGE('',*,*,#1483,.T.);
#2012=ORIENTED_EDGE('',*,*,#1436,.T.);
#2013=ORIENTED_EDGE('',*,*,#1482,.F.);
#2014=ORIENTED_EDGE('',*,*,#1346,.F.);
#2015=ORIENTED_EDGE('',*,*,#1484,.T.);
#2016=ORIENTED_EDGE('',*,*,#1437,.T.);
#2017=ORIENTED_EDGE('',*,*,#1483,.F.);
#2018=ORIENTED_EDGE('',*,*,#1345,.F.);
#2019=ORIENTED_EDGE('',*,*,#1478,.T.);
#2020=ORIENTED_EDGE('',*,*,#1430,.T.);
#2021=ORIENTED_EDGE('',*,*,#1484,.F.);
#2022=ORIENTED_EDGE('',*,*,#1442,.T.);
#2023=ORIENTED_EDGE('',*,*,#1485,.T.);
#2024=ORIENTED_EDGE('',*,*,#1486,.F.);
#2025=ORIENTED_EDGE('',*,*,#1469,.F.);
#2026=ORIENTED_EDGE('',*,*,#1441,.T.);
#2027=ORIENTED_EDGE('',*,*,#1487,.T.);
#2028=ORIENTED_EDGE('',*,*,#1488,.F.);
#2029=ORIENTED_EDGE('',*,*,#1485,.F.);
#2030=ORIENTED_EDGE('',*,*,#1440,.T.);
#2031=ORIENTED_EDGE('',*,*,#1489,.T.);
#2032=ORIENTED_EDGE('',*,*,#1490,.F.);
#2033=ORIENTED_EDGE('',*,*,#1487,.F.);
#2034=ORIENTED_EDGE('',*,*,#1446,.T.);
#2035=ORIENTED_EDGE('',*,*,#1466,.T.);
#2036=ORIENTED_EDGE('',*,*,#1491,.F.);
#2037=ORIENTED_EDGE('',*,*,#1492,.F.);
#2038=ORIENTED_EDGE('',*,*,#1447,.T.);
#2039=ORIENTED_EDGE('',*,*,#1492,.T.);
#2040=ORIENTED_EDGE('',*,*,#1493,.F.);
#2041=ORIENTED_EDGE('',*,*,#1494,.F.);
#2042=ORIENTED_EDGE('',*,*,#1448,.T.);
#2043=ORIENTED_EDGE('',*,*,#1494,.T.);
#2044=ORIENTED_EDGE('',*,*,#1495,.F.);
#2045=ORIENTED_EDGE('',*,*,#1496,.F.);
#2046=ORIENTED_EDGE('',*,*,#1452,.T.);
#2047=ORIENTED_EDGE('',*,*,#1428,.F.);
#2048=ORIENTED_EDGE('',*,*,#1438,.T.);
#2049=ORIENTED_EDGE('',*,*,#1496,.T.);
#2050=ORIENTED_EDGE('',*,*,#1497,.F.);
#2051=ORIENTED_EDGE('',*,*,#1498,.F.);
#2052=ORIENTED_EDGE('',*,*,#1457,.T.);
#2053=ORIENTED_EDGE('',*,*,#1455,.T.);
#2054=ORIENTED_EDGE('',*,*,#1498,.T.);
#2055=ORIENTED_EDGE('',*,*,#1499,.F.);
#2056=ORIENTED_EDGE('',*,*,#1500,.F.);
#2057=ORIENTED_EDGE('',*,*,#1456,.T.);
#2058=ORIENTED_EDGE('',*,*,#1500,.T.);
#2059=ORIENTED_EDGE('',*,*,#1501,.F.);
#2060=ORIENTED_EDGE('',*,*,#1489,.F.);
#2061=ORIENTED_EDGE('',*,*,#1439,.T.);
#2062=ORIENTED_EDGE('',*,*,#1426,.F.);
#2063=ORIENTED_EDGE('',*,*,#1454,.T.);
#2064=ORIENTED_EDGE('',*,*,#1383,.T.);
#2065=ORIENTED_EDGE('',*,*,#1476,.T.);
#2066=ORIENTED_EDGE('',*,*,#1395,.T.);
#2067=ORIENTED_EDGE('',*,*,#1419,.T.);
#2068=ORIENTED_EDGE('',*,*,#1405,.T.);
#2069=ORIENTED_EDGE('',*,*,#1472,.T.);
#2070=ORIENTED_EDGE('',*,*,#1473,.T.);
#2071=ORIENTED_EDGE('',*,*,#1475,.T.);
#2072=ORIENTED_EDGE('',*,*,#1490,.T.);
#2073=ORIENTED_EDGE('',*,*,#1501,.T.);
#2074=ORIENTED_EDGE('',*,*,#1499,.T.);
#2075=ORIENTED_EDGE('',*,*,#1497,.T.);
#2076=ORIENTED_EDGE('',*,*,#1495,.T.);
#2077=ORIENTED_EDGE('',*,*,#1493,.T.);
#2078=ORIENTED_EDGE('',*,*,#1491,.T.);
#2079=ORIENTED_EDGE('',*,*,#1465,.T.);
#2080=ORIENTED_EDGE('',*,*,#1468,.T.);
#2081=ORIENTED_EDGE('',*,*,#1470,.T.);
#2082=ORIENTED_EDGE('',*,*,#1486,.T.);
#2083=ORIENTED_EDGE('',*,*,#1488,.T.);
#2084=ORIENTED_EDGE('',*,*,#1502,.F.);
#2085=ORIENTED_EDGE('',*,*,#1503,.T.);
#2086=ORIENTED_EDGE('',*,*,#1504,.T.);
#2087=ORIENTED_EDGE('',*,*,#1503,.F.);
#2088=ORIENTED_EDGE('',*,*,#1504,.F.);
#2089=ORIENTED_EDGE('',*,*,#1505,.F.);
#2090=ORIENTED_EDGE('',*,*,#1506,.F.);
#2091=ORIENTED_EDGE('',*,*,#1507,.F.);
#2092=ORIENTED_EDGE('',*,*,#1508,.F.);
#2093=ORIENTED_EDGE('',*,*,#1509,.T.);
#2094=ORIENTED_EDGE('',*,*,#1510,.T.);
#2095=ORIENTED_EDGE('',*,*,#1511,.F.);
#2096=ORIENTED_EDGE('',*,*,#1512,.T.);
#2097=ORIENTED_EDGE('',*,*,#1508,.T.);
#2098=ORIENTED_EDGE('',*,*,#1513,.F.);
#2099=ORIENTED_EDGE('',*,*,#1514,.F.);
#2100=ORIENTED_EDGE('',*,*,#1515,.F.);
#2101=ORIENTED_EDGE('',*,*,#1516,.T.);
#2102=ORIENTED_EDGE('',*,*,#1517,.T.);
#2103=ORIENTED_EDGE('',*,*,#1518,.F.);
#2104=ORIENTED_EDGE('',*,*,#1519,.T.);
#2105=ORIENTED_EDGE('',*,*,#1515,.T.);
#2106=ORIENTED_EDGE('',*,*,#1520,.T.);
#2107=ORIENTED_EDGE('',*,*,#1521,.T.);
#2108=ORIENTED_EDGE('',*,*,#1522,.T.);
#2109=ORIENTED_EDGE('',*,*,#1523,.T.);
#2110=ORIENTED_EDGE('',*,*,#1524,.T.);
#2111=ORIENTED_EDGE('',*,*,#1506,.T.);
#2112=ORIENTED_EDGE('',*,*,#1525,.T.);
#2113=ORIENTED_EDGE('',*,*,#1513,.T.);
#2114=ORIENTED_EDGE('',*,*,#1526,.F.);
#2115=ORIENTED_EDGE('',*,*,#1527,.T.);
#2116=ORIENTED_EDGE('',*,*,#1523,.F.);
#2117=ORIENTED_EDGE('',*,*,#1528,.F.);
#2118=ORIENTED_EDGE('',*,*,#1529,.F.);
#2119=ORIENTED_EDGE('',*,*,#1528,.T.);
#2120=ORIENTED_EDGE('',*,*,#1522,.F.);
#2121=ORIENTED_EDGE('',*,*,#1530,.F.);
#2122=ORIENTED_EDGE('',*,*,#1531,.F.);
#2123=ORIENTED_EDGE('',*,*,#1530,.T.);
#2124=ORIENTED_EDGE('',*,*,#1521,.F.);
#2125=ORIENTED_EDGE('',*,*,#1532,.F.);
#2126=ORIENTED_EDGE('',*,*,#1533,.F.);
#2127=ORIENTED_EDGE('',*,*,#1532,.T.);
#2128=ORIENTED_EDGE('',*,*,#1520,.F.);
#2129=ORIENTED_EDGE('',*,*,#1527,.F.);
#2130=ORIENTED_EDGE('',*,*,#1534,.F.);
#2131=ORIENTED_EDGE('',*,*,#1535,.T.);
#2132=ORIENTED_EDGE('',*,*,#1536,.T.);
#2133=ORIENTED_EDGE('',*,*,#1537,.F.);
#2134=ORIENTED_EDGE('',*,*,#1538,.F.);
#2135=ORIENTED_EDGE('',*,*,#1539,.T.);
#2136=ORIENTED_EDGE('',*,*,#1540,.T.);
#2137=ORIENTED_EDGE('',*,*,#1535,.F.);
#2138=ORIENTED_EDGE('',*,*,#1541,.F.);
#2139=ORIENTED_EDGE('',*,*,#1542,.T.);
#2140=ORIENTED_EDGE('',*,*,#1543,.T.);
#2141=ORIENTED_EDGE('',*,*,#1539,.F.);
#2142=ORIENTED_EDGE('',*,*,#1544,.F.);
#2143=ORIENTED_EDGE('',*,*,#1537,.T.);
#2144=ORIENTED_EDGE('',*,*,#1545,.T.);
#2145=ORIENTED_EDGE('',*,*,#1542,.F.);
#2146=ORIENTED_EDGE('',*,*,#1545,.F.);
#2147=ORIENTED_EDGE('',*,*,#1536,.F.);
#2148=ORIENTED_EDGE('',*,*,#1540,.F.);
#2149=ORIENTED_EDGE('',*,*,#1543,.F.);
#2150=ORIENTED_EDGE('',*,*,#1546,.F.);
#2151=ORIENTED_EDGE('',*,*,#1547,.F.);
#2152=ORIENTED_EDGE('',*,*,#1548,.F.);
#2153=ORIENTED_EDGE('',*,*,#1549,.F.);
#2154=ORIENTED_EDGE('',*,*,#1511,.T.);
#2155=ORIENTED_EDGE('',*,*,#1550,.F.);
#2156=ORIENTED_EDGE('',*,*,#1547,.T.);
#2157=ORIENTED_EDGE('',*,*,#1551,.T.);
#2158=ORIENTED_EDGE('',*,*,#1546,.T.);
#2159=ORIENTED_EDGE('',*,*,#1552,.T.);
#2160=ORIENTED_EDGE('',*,*,#1517,.F.);
#2161=ORIENTED_EDGE('',*,*,#1514,.T.);
#2162=ORIENTED_EDGE('',*,*,#1525,.F.);
#2163=ORIENTED_EDGE('',*,*,#1509,.F.);
#2164=ORIENTED_EDGE('',*,*,#1512,.F.);
#2165=ORIENTED_EDGE('',*,*,#1551,.F.);
#2166=ORIENTED_EDGE('',*,*,#1518,.T.);
#2167=ORIENTED_EDGE('',*,*,#1552,.F.);
#2168=ORIENTED_EDGE('',*,*,#1549,.T.);
#2169=ORIENTED_EDGE('',*,*,#1553,.T.);
#2170=ORIENTED_EDGE('',*,*,#1548,.T.);
#2171=ORIENTED_EDGE('',*,*,#1550,.T.);
#2172=ORIENTED_EDGE('',*,*,#1510,.F.);
#2173=ORIENTED_EDGE('',*,*,#1507,.T.);
#2174=ORIENTED_EDGE('',*,*,#1524,.F.);
#2175=ORIENTED_EDGE('',*,*,#1516,.F.);
#2176=ORIENTED_EDGE('',*,*,#1519,.F.);
#2177=ORIENTED_EDGE('',*,*,#1553,.F.);
#2178=ORIENTED_EDGE('',*,*,#1505,.T.);
#2179=ORIENTED_EDGE('',*,*,#1554,.T.);
#2180=ORIENTED_EDGE('',*,*,#1555,.F.);
#2181=ORIENTED_EDGE('',*,*,#1554,.F.);
#2182=ORIENTED_EDGE('',*,*,#1556,.F.);
#2183=ORIENTED_EDGE('',*,*,#1557,.T.);
#2184=ORIENTED_EDGE('',*,*,#1558,.F.);
#2185=ORIENTED_EDGE('',*,*,#1557,.F.);
#2186=ORIENTED_EDGE('',*,*,#1559,.F.);
#2187=ORIENTED_EDGE('',*,*,#1560,.T.);
#2188=ORIENTED_EDGE('',*,*,#1561,.F.);
#2189=ORIENTED_EDGE('',*,*,#1560,.F.);
#2190=ORIENTED_EDGE('',*,*,#1562,.F.);
#2191=ORIENTED_EDGE('',*,*,#1563,.T.);
#2192=ORIENTED_EDGE('',*,*,#1564,.F.);
#2193=ORIENTED_EDGE('',*,*,#1563,.F.);
#2194=ORIENTED_EDGE('',*,*,#1565,.F.);
#2195=ORIENTED_EDGE('',*,*,#1566,.T.);
#2196=ORIENTED_EDGE('',*,*,#1567,.F.);
#2197=ORIENTED_EDGE('',*,*,#1566,.F.);
#2198=ORIENTED_EDGE('',*,*,#1568,.T.);
#2199=ORIENTED_EDGE('',*,*,#1569,.T.);
#2200=ORIENTED_EDGE('',*,*,#1570,.T.);
#2201=ORIENTED_EDGE('',*,*,#1571,.T.);
#2202=ORIENTED_EDGE('',*,*,#1572,.T.);
#2203=ORIENTED_EDGE('',*,*,#1573,.T.);
#2204=ORIENTED_EDGE('',*,*,#1574,.T.);
#2205=ORIENTED_EDGE('',*,*,#1575,.T.);
#2206=ORIENTED_EDGE('',*,*,#1572,.F.);
#2207=ORIENTED_EDGE('',*,*,#1570,.F.);
#2208=ORIENTED_EDGE('',*,*,#1576,.T.);
#2209=ORIENTED_EDGE('',*,*,#1577,.T.);
#2210=ORIENTED_EDGE('',*,*,#1578,.T.);
#2211=ORIENTED_EDGE('',*,*,#1579,.T.);
#2212=ORIENTED_EDGE('',*,*,#1580,.T.);
#2213=ORIENTED_EDGE('',*,*,#1577,.F.);
#2214=ORIENTED_EDGE('',*,*,#1574,.F.);
#2215=ORIENTED_EDGE('',*,*,#1581,.T.);
#2216=ORIENTED_EDGE('',*,*,#1582,.T.);
#2217=ORIENTED_EDGE('',*,*,#1583,.T.);
#2218=ORIENTED_EDGE('',*,*,#1584,.T.);
#2219=ORIENTED_EDGE('',*,*,#1585,.T.);
#2220=ORIENTED_EDGE('',*,*,#1582,.F.);
#2221=ORIENTED_EDGE('',*,*,#1579,.F.);
#2222=ORIENTED_EDGE('',*,*,#1586,.T.);
#2223=ORIENTED_EDGE('',*,*,#1568,.F.);
#2224=ORIENTED_EDGE('',*,*,#1584,.F.);
#2225=ORIENTED_EDGE('',*,*,#1587,.T.);
#2226=ORIENTED_EDGE('',*,*,#1576,.F.);
#2227=ORIENTED_EDGE('',*,*,#1588,.F.);
#2228=ORIENTED_EDGE('',*,*,#1589,.T.);
#2229=ORIENTED_EDGE('',*,*,#1590,.T.);
#2230=ORIENTED_EDGE('',*,*,#1569,.F.);
#2231=ORIENTED_EDGE('',*,*,#1591,.F.);
#2232=ORIENTED_EDGE('',*,*,#1592,.T.);
#2233=ORIENTED_EDGE('',*,*,#1588,.T.);
#2234=ORIENTED_EDGE('',*,*,#1587,.F.);
#2235=ORIENTED_EDGE('',*,*,#1593,.F.);
#2236=ORIENTED_EDGE('',*,*,#1594,.T.);
#2237=ORIENTED_EDGE('',*,*,#1591,.T.);
#2238=ORIENTED_EDGE('',*,*,#1583,.F.);
#2239=ORIENTED_EDGE('',*,*,#1595,.F.);
#2240=ORIENTED_EDGE('',*,*,#1596,.T.);
#2241=ORIENTED_EDGE('',*,*,#1593,.T.);
#2242=ORIENTED_EDGE('',*,*,#1571,.F.);
#2243=ORIENTED_EDGE('',*,*,#1575,.F.);
#2244=ORIENTED_EDGE('',*,*,#1580,.F.);
#2245=ORIENTED_EDGE('',*,*,#1585,.F.);
#2246=ORIENTED_EDGE('',*,*,#1502,.T.);
#2247=ORIENTED_EDGE('',*,*,#1534,.T.);
#2248=ORIENTED_EDGE('',*,*,#1544,.T.);
#2249=ORIENTED_EDGE('',*,*,#1541,.T.);
#2250=ORIENTED_EDGE('',*,*,#1538,.T.);
#2251=ORIENTED_EDGE('',*,*,#1556,.T.);
#2252=ORIENTED_EDGE('',*,*,#1559,.T.);
#2253=ORIENTED_EDGE('',*,*,#1562,.T.);
#2254=ORIENTED_EDGE('',*,*,#1565,.T.);
#2255=ORIENTED_EDGE('',*,*,#1586,.F.);
#2256=ORIENTED_EDGE('',*,*,#1597,.F.);
#2257=ORIENTED_EDGE('',*,*,#1598,.T.);
#2258=ORIENTED_EDGE('',*,*,#1595,.T.);
#2259=ORIENTED_EDGE('',*,*,#1578,.F.);
#2260=ORIENTED_EDGE('',*,*,#1599,.F.);
#2261=ORIENTED_EDGE('',*,*,#1600,.T.);
#2262=ORIENTED_EDGE('',*,*,#1597,.T.);
#2263=ORIENTED_EDGE('',*,*,#1581,.F.);
#2264=ORIENTED_EDGE('',*,*,#1601,.F.);
#2265=ORIENTED_EDGE('',*,*,#1602,.T.);
#2266=ORIENTED_EDGE('',*,*,#1599,.T.);
#2267=ORIENTED_EDGE('',*,*,#1573,.F.);
#2268=ORIENTED_EDGE('',*,*,#1590,.F.);
#2269=ORIENTED_EDGE('',*,*,#1603,.T.);
#2270=ORIENTED_EDGE('',*,*,#1601,.T.);
#2271=ORIENTED_EDGE('',*,*,#1596,.F.);
#2272=ORIENTED_EDGE('',*,*,#1598,.F.);
#2273=ORIENTED_EDGE('',*,*,#1600,.F.);
#2274=ORIENTED_EDGE('',*,*,#1602,.F.);
#2275=ORIENTED_EDGE('',*,*,#1603,.F.);
#2276=ORIENTED_EDGE('',*,*,#1589,.F.);
#2277=ORIENTED_EDGE('',*,*,#1592,.F.);
#2278=ORIENTED_EDGE('',*,*,#1594,.F.);
#2279=ORIENTED_EDGE('',*,*,#1526,.T.);
#2280=ORIENTED_EDGE('',*,*,#1529,.T.);
#2281=ORIENTED_EDGE('',*,*,#1531,.T.);
#2282=ORIENTED_EDGE('',*,*,#1533,.T.);
#2283=ORIENTED_EDGE('',*,*,#1555,.T.);
#2284=ORIENTED_EDGE('',*,*,#1558,.T.);
#2285=ORIENTED_EDGE('',*,*,#1561,.T.);
#2286=ORIENTED_EDGE('',*,*,#1564,.T.);
#2287=ORIENTED_EDGE('',*,*,#1567,.T.);
#2288=CYLINDRICAL_SURFACE('',#2484,1.65);
#2289=CYLINDRICAL_SURFACE('',#2487,1.65);
#2290=CYLINDRICAL_SURFACE('',#2490,1.65);
#2291=CYLINDRICAL_SURFACE('',#2493,1.65);
#2292=CYLINDRICAL_SURFACE('',#2511,2.45);
#2293=CYLINDRICAL_SURFACE('',#2515,2.45);
#2294=CYLINDRICAL_SURFACE('',#2519,2.45);
#2295=CYLINDRICAL_SURFACE('',#2523,2.45);
#2296=CYLINDRICAL_SURFACE('',#2525,1.);
#2297=CYLINDRICAL_SURFACE('',#2528,1.);
#2298=CYLINDRICAL_SURFACE('',#2533,1.);
#2299=CYLINDRICAL_SURFACE('',#2538,1.);
#2300=CYLINDRICAL_SURFACE('',#2545,1.);
#2301=CYLINDRICAL_SURFACE('',#2547,1.);
#2302=CYLINDRICAL_SURFACE('',#2557,1.);
#2303=CYLINDRICAL_SURFACE('',#2559,1.);
#2304=CYLINDRICAL_SURFACE('',#2560,1.5);
#2305=CYLINDRICAL_SURFACE('',#2563,1.5);
#2306=CYLINDRICAL_SURFACE('',#2566,1.5);
#2307=CYLINDRICAL_SURFACE('',#2569,1.5);
#2308=CYLINDRICAL_SURFACE('',#2597,5.00000001490118);
#2309=CYLINDRICAL_SURFACE('',#2601,6.35);
#2310=CYLINDRICAL_SURFACE('',#2604,6.35);
#2311=CYLINDRICAL_SURFACE('',#2619,5.00000001490116);
#2312=CYLINDRICAL_SURFACE('',#2622,5.00000001490114);
#2313=CYLINDRICAL_SURFACE('',#2624,5.00000001490118);
#2314=CYLINDRICAL_SURFACE('',#2627,4.);
#2315=CYLINDRICAL_SURFACE('',#2629,4.00000000000002);
#2316=CYLINDRICAL_SURFACE('',#2631,4.00000000000002);
#2317=CYLINDRICAL_SURFACE('',#2633,3.99999999999998);
#2318=CYLINDRICAL_SURFACE('',#2644,7.);
#2319=CYLINDRICAL_SURFACE('',#2667,6.);
#2320=CYLINDRICAL_SURFACE('',#2669,1.65);
#2321=CYLINDRICAL_SURFACE('',#2672,1.65);
#2322=CYLINDRICAL_SURFACE('',#2675,1.65);
#2323=CYLINDRICAL_SURFACE('',#2678,1.65);
#2324=CYLINDRICAL_SURFACE('',#2681,1.);
#2325=CYLINDRICAL_SURFACE('',#2684,1.);
#2326=CYLINDRICAL_SURFACE('',#2689,1.);
#2327=CYLINDRICAL_SURFACE('',#2694,1.);
#2328=CYLINDRICAL_SURFACE('',#2701,0.999999999999996);
#2329=CYLINDRICAL_SURFACE('',#2704,0.999999999999979);
#2330=CYLINDRICAL_SURFACE('',#2708,0.999999999999999);
#2331=CYLINDRICAL_SURFACE('',#2711,0.999999999999988);
#2332=ADVANCED_FACE('',(#145),#2288,.F.);
#2333=ADVANCED_FACE('',(#146),#2289,.F.);
#2334=ADVANCED_FACE('',(#147),#2290,.F.);
#2335=ADVANCED_FACE('',(#148),#2291,.F.);
#2336=ADVANCED_FACE('',(#149),#139,.F.);
#2337=ADVANCED_FACE('',(#150,#25,#26,#27,#28,#29),#60,.T.);
#2338=ADVANCED_FACE('',(#151),#2292,.F.);
#2339=ADVANCED_FACE('',(#152),#140,.F.);
#2340=ADVANCED_FACE('',(#153),#2293,.F.);
#2341=ADVANCED_FACE('',(#154),#141,.F.);
#2342=ADVANCED_FACE('',(#155),#2294,.F.);
#2343=ADVANCED_FACE('',(#156),#142,.F.);
#2344=ADVANCED_FACE('',(#157),#2295,.F.);
#2345=ADVANCED_FACE('',(#158),#2296,.T.);
#2346=ADVANCED_FACE('',(#159),#2297,.T.);
#2347=ADVANCED_FACE('',(#160),#17,.T.);
#2348=ADVANCED_FACE('',(#161),#2298,.T.);
#2349=ADVANCED_FACE('',(#162),#18,.T.);
#2350=ADVANCED_FACE('',(#163),#2299,.T.);
#2351=ADVANCED_FACE('',(#164),#19,.T.);
#2352=ADVANCED_FACE('',(#165),#20,.T.);
#2353=ADVANCED_FACE('',(#166),#2300,.T.);
#2354=ADVANCED_FACE('',(#167),#61,.T.);
#2355=ADVANCED_FACE('',(#168),#2301,.T.);
#2356=ADVANCED_FACE('',(#169),#62,.T.);
#2357=ADVANCED_FACE('',(#170,#30,#31,#32),#63,.F.);
#2358=ADVANCED_FACE('',(#171),#64,.T.);
#2359=ADVANCED_FACE('',(#172),#2302,.T.);
#2360=ADVANCED_FACE('',(#173),#65,.T.);
#2361=ADVANCED_FACE('',(#174),#2303,.T.);
#2362=ADVANCED_FACE('',(#175),#2304,.T.);
#2363=ADVANCED_FACE('',(#176),#66,.T.);
#2364=ADVANCED_FACE('',(#177),#2305,.T.);
#2365=ADVANCED_FACE('',(#178),#67,.T.);
#2366=ADVANCED_FACE('',(#179),#2306,.T.);
#2367=ADVANCED_FACE('',(#180),#68,.T.);
#2368=ADVANCED_FACE('',(#181),#2307,.T.);
#2369=ADVANCED_FACE('',(#182),#69,.T.);
#2370=ADVANCED_FACE('',(#183,#33),#70,.T.);
#2371=ADVANCED_FACE('',(#184,#34),#71,.T.);
#2372=ADVANCED_FACE('',(#185,#35),#72,.T.);
#2373=ADVANCED_FACE('',(#186,#36),#73,.T.);
#2374=ADVANCED_FACE('',(#187),#74,.T.);
#2375=ADVANCED_FACE('',(#188,#37),#75,.T.);
#2376=ADVANCED_FACE('',(#189),#76,.T.);
#2377=ADVANCED_FACE('',(#190),#77,.T.);
#2378=ADVANCED_FACE('',(#191,#38),#78,.T.);
#2379=ADVANCED_FACE('',(#192),#79,.T.);
#2380=ADVANCED_FACE('',(#193),#80,.T.);
#2381=ADVANCED_FACE('',(#194,#39),#81,.T.);
#2382=ADVANCED_FACE('',(#195),#82,.T.);
#2383=ADVANCED_FACE('',(#196),#83,.T.);
#2384=ADVANCED_FACE('',(#197,#40),#84,.T.);
#2385=ADVANCED_FACE('',(#198),#85,.T.);
#2386=ADVANCED_FACE('',(#199),#86,.T.);
#2387=ADVANCED_FACE('',(#200,#41,#42),#87,.T.);
#2388=ADVANCED_FACE('',(#201),#88,.T.);
#2389=ADVANCED_FACE('',(#202),#2308,.T.);
#2390=ADVANCED_FACE('',(#203),#143,.F.);
#2391=ADVANCED_FACE('',(#204),#2309,.F.);
#2392=ADVANCED_FACE('',(#205),#144,.F.);
#2393=ADVANCED_FACE('',(#206),#2310,.F.);
#2394=ADVANCED_FACE('',(#207),#89,.T.);
#2395=ADVANCED_FACE('',(#208,#43),#90,.F.);
#2396=ADVANCED_FACE('',(#209),#91,.T.);
#2397=ADVANCED_FACE('',(#210),#92,.T.);
#2398=ADVANCED_FACE('',(#211),#93,.T.);
#2399=ADVANCED_FACE('',(#212),#94,.T.);
#2400=ADVANCED_FACE('',(#213),#95,.T.);
#2401=ADVANCED_FACE('',(#214),#96,.T.);
#2402=ADVANCED_FACE('',(#215),#97,.T.);
#2403=ADVANCED_FACE('',(#216),#98,.T.);
#2404=ADVANCED_FACE('',(#217),#2311,.T.);
#2405=ADVANCED_FACE('',(#218),#99,.F.);
#2406=ADVANCED_FACE('',(#219),#2312,.T.);
#2407=ADVANCED_FACE('',(#220),#2313,.T.);
#2408=ADVANCED_FACE('',(#221),#100,.F.);
#2409=ADVANCED_FACE('',(#222),#2314,.F.);
#2410=ADVANCED_FACE('',(#223),#101,.F.);
#2411=ADVANCED_FACE('',(#224),#2315,.F.);
#2412=ADVANCED_FACE('',(#225),#102,.F.);
#2413=ADVANCED_FACE('',(#226),#2316,.F.);
#2414=ADVANCED_FACE('',(#227),#103,.F.);
#2415=ADVANCED_FACE('',(#228),#2317,.F.);
#2416=ADVANCED_FACE('',(#229),#104,.T.);
#2417=ADVANCED_FACE('',(#230),#105,.T.);
#2418=ADVANCED_FACE('',(#231),#106,.T.);
#2419=ADVANCED_FACE('',(#232),#107,.T.);
#2420=ADVANCED_FACE('',(#233),#108,.T.);
#2421=ADVANCED_FACE('',(#234),#109,.T.);
#2422=ADVANCED_FACE('',(#235),#110,.T.);
#2423=ADVANCED_FACE('',(#236),#111,.T.);
#2424=ADVANCED_FACE('',(#237),#112,.T.);
#2425=ADVANCED_FACE('',(#238,#44),#113,.T.);
#2426=ADVANCED_FACE('',(#239),#2318,.F.);
#2427=ADVANCED_FACE('',(#240,#45),#114,.T.);
#2428=ADVANCED_FACE('',(#241),#115,.F.);
#2429=ADVANCED_FACE('',(#242),#116,.F.);
#2430=ADVANCED_FACE('',(#243),#117,.F.);
#2431=ADVANCED_FACE('',(#244),#118,.F.);
#2432=ADVANCED_FACE('',(#245,#46),#119,.T.);
#2433=ADVANCED_FACE('',(#246),#120,.T.);
#2434=ADVANCED_FACE('',(#247),#121,.T.);
#2435=ADVANCED_FACE('',(#248),#122,.T.);
#2436=ADVANCED_FACE('',(#249),#123,.T.);
#2437=ADVANCED_FACE('',(#250),#124,.F.);
#2438=ADVANCED_FACE('',(#251),#125,.F.);
#2439=ADVANCED_FACE('',(#252),#126,.F.);
#2440=ADVANCED_FACE('',(#253),#127,.F.);
#2441=ADVANCED_FACE('',(#254,#47),#128,.F.);
#2442=ADVANCED_FACE('',(#255),#129,.F.);
#2443=ADVANCED_FACE('',(#256),#130,.F.);
#2444=ADVANCED_FACE('',(#257),#131,.F.);
#2445=ADVANCED_FACE('',(#258),#132,.F.);
#2446=ADVANCED_FACE('',(#259),#2319,.F.);
#2447=ADVANCED_FACE('',(#260),#2320,.F.);
#2448=ADVANCED_FACE('',(#261),#2321,.F.);
#2449=ADVANCED_FACE('',(#262),#2322,.F.);
#2450=ADVANCED_FACE('',(#263),#2323,.F.);
#2451=ADVANCED_FACE('',(#264),#2324,.T.);
#2452=ADVANCED_FACE('',(#265),#2325,.T.);
#2453=ADVANCED_FACE('',(#266),#21,.T.);
#2454=ADVANCED_FACE('',(#267),#2326,.T.);
#2455=ADVANCED_FACE('',(#268),#22,.T.);
#2456=ADVANCED_FACE('',(#269),#2327,.T.);
#2457=ADVANCED_FACE('',(#270),#23,.T.);
#2458=ADVANCED_FACE('',(#271),#24,.T.);
#2459=ADVANCED_FACE('',(#272),#2328,.T.);
#2460=ADVANCED_FACE('',(#273),#133,.T.);
#2461=ADVANCED_FACE('',(#274),#2329,.T.);
#2462=ADVANCED_FACE('',(#275),#134,.T.);
#2463=ADVANCED_FACE('',(#276,#48,#49,#50,#51,#52,#53),#135,.T.);
#2464=ADVANCED_FACE('',(#277),#2330,.T.);
#2465=ADVANCED_FACE('',(#278),#136,.T.);
#2466=ADVANCED_FACE('',(#279),#2331,.T.);
#2467=ADVANCED_FACE('',(#280),#137,.T.);
#2468=ADVANCED_FACE('',(#281,#54,#55,#56,#57,#58,#59),#138,.F.);
#2469=CLOSED_SHELL('',(#2332,#2333,#2334,#2335,#2336,#2337,#2338,#2339,
#2340,#2341,#2342,#2343,#2344,#2345,#2346,#2347,#2348,#2349,#2350,#2351,
#2352,#2353,#2354,#2355,#2356,#2357,#2358,#2359,#2360,#2361,#2362,#2363,
#2364,#2365,#2366,#2367,#2368,#2369,#2370,#2371,#2372,#2373,#2374,#2375,
#2376,#2377,#2378,#2379,#2380,#2381,#2382,#2383,#2384,#2385,#2386,#2387,
#2388,#2389,#2390,#2391,#2392,#2393,#2394,#2395,#2396,#2397,#2398,#2399,
#2400,#2401,#2402,#2403,#2404,#2405,#2406,#2407,#2408,#2409,#2410,#2411,
#2412,#2413,#2414,#2415,#2416,#2417,#2418,#2419,#2420,#2421,#2422,#2423,
#2424,#2425));
#2470=CLOSED_SHELL('',(#2426,#2427,#2428,#2429,#2430,#2431,#2432,#2433,
#2434,#2435,#2436,#2437,#2438,#2439,#2440,#2441,#2442,#2443,#2444,#2445,
#2446,#2447,#2448,#2449,#2450,#2451,#2452,#2453,#2454,#2455,#2456,#2457,
#2458,#2459,#2460,#2461,#2462,#2463,#2464,#2465,#2466,#2467,#2468));
#2471=DERIVED_UNIT_ELEMENT(#2473,1.);
#2472=DERIVED_UNIT_ELEMENT(#4130,-3.);
#2473=(
MASS_UNIT()
NAMED_UNIT(*)
SI_UNIT(.KILO.,.GRAM.)
);
#2474=DERIVED_UNIT((#2471,#2472));
#2475=MEASURE_REPRESENTATION_ITEM('density measure',
POSITIVE_RATIO_MEASURE(7850.),#2474);
#2476=PROPERTY_DEFINITION_REPRESENTATION(#2481,#2478);
#2477=PROPERTY_DEFINITION_REPRESENTATION(#2482,#2479);
#2478=REPRESENTATION('material name',(#2480),#4127);
#2479=REPRESENTATION('density',(#2475),#4127);
#2480=DESCRIPTIVE_REPRESENTATION_ITEM('Steel','Steel');
#2481=PROPERTY_DEFINITION('material property','material name',#4137);
#2482=PROPERTY_DEFINITION('material property','density of part',#4137);
#2483=AXIS2_PLACEMENT_3D('',#3427,#2715,#2716);
#2484=AXIS2_PLACEMENT_3D('',#3428,#2717,#2718);
#2485=AXIS2_PLACEMENT_3D('',#3430,#2719,#2720);
#2486=AXIS2_PLACEMENT_3D('',#3433,#2722,#2723);
#2487=AXIS2_PLACEMENT_3D('',#3434,#2724,#2725);
#2488=AXIS2_PLACEMENT_3D('',#3436,#2726,#2727);
#2489=AXIS2_PLACEMENT_3D('',#3439,#2729,#2730);
#2490=AXIS2_PLACEMENT_3D('',#3440,#2731,#2732);
#2491=AXIS2_PLACEMENT_3D('',#3442,#2733,#2734);
#2492=AXIS2_PLACEMENT_3D('',#3445,#2736,#2737);
#2493=AXIS2_PLACEMENT_3D('',#3446,#2738,#2739);
#2494=AXIS2_PLACEMENT_3D('',#3448,#2740,#2741);
#2495=AXIS2_PLACEMENT_3D('',#3451,#2743,#2744);
#2496=AXIS2_PLACEMENT_3D('',#3452,#2745,#2746);
#2497=AXIS2_PLACEMENT_3D('',#3454,#2747,#2748);
#2498=AXIS2_PLACEMENT_3D('',#3457,#2750,#2751);
#2499=AXIS2_PLACEMENT_3D('',#3458,#2752,#2753);
#2500=AXIS2_PLACEMENT_3D('',#3461,#2754,#2755);
#2501=AXIS2_PLACEMENT_3D('',#3465,#2757,#2758);
#2502=AXIS2_PLACEMENT_3D('',#3469,#2760,#2761);
#2503=AXIS2_PLACEMENT_3D('',#3473,#2763,#2764);
#2504=AXIS2_PLACEMENT_3D('',#3476,#2766,#2767);
#2505=AXIS2_PLACEMENT_3D('',#3478,#2768,#2769);
#2506=AXIS2_PLACEMENT_3D('',#3481,#2770,#2771);
#2507=AXIS2_PLACEMENT_3D('',#3489,#2775,#2776);
#2508=AXIS2_PLACEMENT_3D('',#3497,#2780,#2781);
#2509=AXIS2_PLACEMENT_3D('',#3505,#2785,#2786);
#2510=AXIS2_PLACEMENT_3D('',#3512,#2790,#2791);
#2511=AXIS2_PLACEMENT_3D('',#3513,#2792,#2793);
#2512=AXIS2_PLACEMENT_3D('',#3516,#2795,#2796);
#2513=AXIS2_PLACEMENT_3D('',#3517,#2797,#2798);
#2514=AXIS2_PLACEMENT_3D('',#3520,#2800,#2801);
#2515=AXIS2_PLACEMENT_3D('',#3521,#2802,#2803);
#2516=AXIS2_PLACEMENT_3D('',#3524,#2805,#2806);
#2517=AXIS2_PLACEMENT_3D('',#3525,#2807,#2808);
#2518=AXIS2_PLACEMENT_3D('',#3528,#2810,#2811);
#2519=AXIS2_PLACEMENT_3D('',#3529,#2812,#2813);
#2520=AXIS2_PLACEMENT_3D('',#3532,#2815,#2816);
#2521=AXIS2_PLACEMENT_3D('',#3533,#2817,#2818);
#2522=AXIS2_PLACEMENT_3D('',#3536,#2820,#2821);
#2523=AXIS2_PLACEMENT_3D('',#3537,#2822,#2823);
#2524=AXIS2_PLACEMENT_3D('',#3540,#2825,#2826);
#2525=AXIS2_PLACEMENT_3D('',#3541,#2827,#2828);
#2526=AXIS2_PLACEMENT_3D('',#3544,#2829,#2830);
#2527=AXIS2_PLACEMENT_3D('',#3548,#2832,#2833);
#2528=AXIS2_PLACEMENT_3D('',#3550,#2835,#2836);
#2529=AXIS2_PLACEMENT_3D('',#3552,#2837,#2838);
#2530=AXIS2_PLACEMENT_3D('',#3556,#2840,#2841);
#2531=AXIS2_PLACEMENT_3D('',#3558,#2843,#2844);
#2532=AXIS2_PLACEMENT_3D('',#3559,#2845,#2846);
#2533=AXIS2_PLACEMENT_3D('',#3560,#2847,#2848);
#2534=AXIS2_PLACEMENT_3D('',#3562,#2849,#2850);
#2535=AXIS2_PLACEMENT_3D('',#3566,#2852,#2853);
#2536=AXIS2_PLACEMENT_3D('',#3568,#2855,#2856);
#2537=AXIS2_PLACEMENT_3D('',#3569,#2857,#2858);
#2538=AXIS2_PLACEMENT_3D('',#3570,#2859,#2860);
#2539=AXIS2_PLACEMENT_3D('',#3572,#2861,#2862);
#2540=AXIS2_PLACEMENT_3D('',#3575,#2864,#2865);
#2541=AXIS2_PLACEMENT_3D('',#3577,#2867,#2868);
#2542=AXIS2_PLACEMENT_3D('',#3578,#2869,#2870);
#2543=AXIS2_PLACEMENT_3D('',#3579,#2871,#2872);
#2544=AXIS2_PLACEMENT_3D('',#3580,#2873,#2874);
#2545=AXIS2_PLACEMENT_3D('',#3581,#2875,#2876);
#2546=AXIS2_PLACEMENT_3D('',#3584,#2879,#2880);
#2547=AXIS2_PLACEMENT_3D('',#3586,#2882,#2883);
#2548=AXIS2_PLACEMENT_3D('',#3588,#2885,#2886);
#2549=AXIS2_PLACEMENT_3D('',#3590,#2888,#2889);
#2550=AXIS2_PLACEMENT_3D('',#3592,#2890,#2891);
#2551=AXIS2_PLACEMENT_3D('',#3597,#2893,#2894);
#2552=AXIS2_PLACEMENT_3D('',#3601,#2896,#2897);
#2553=AXIS2_PLACEMENT_3D('',#3605,#2899,#2900);
#2554=AXIS2_PLACEMENT_3D('',#3608,#2902,#2903);
#2555=AXIS2_PLACEMENT_3D('',#3610,#2904,#2905);
#2556=AXIS2_PLACEMENT_3D('',#3611,#2906,#2907);
#2557=AXIS2_PLACEMENT_3D('',#3613,#2909,#2910);
#2558=AXIS2_PLACEMENT_3D('',#3615,#2912,#2913);
#2559=AXIS2_PLACEMENT_3D('',#3617,#2915,#2916);
#2560=AXIS2_PLACEMENT_3D('',#3618,#2917,#2918);
#2561=AXIS2_PLACEMENT_3D('',#3621,#2919,#2920);
#2562=AXIS2_PLACEMENT_3D('',#3624,#2923,#2924);
#2563=AXIS2_PLACEMENT_3D('',#3628,#2927,#2928);
#2564=AXIS2_PLACEMENT_3D('',#3631,#2929,#2930);
#2565=AXIS2_PLACEMENT_3D('',#3634,#2933,#2934);
#2566=AXIS2_PLACEMENT_3D('',#3638,#2937,#2938);
#2567=AXIS2_PLACEMENT_3D('',#3641,#2939,#2940);
#2568=AXIS2_PLACEMENT_3D('',#3644,#2943,#2944);
#2569=AXIS2_PLACEMENT_3D('',#3648,#2947,#2948);
#2570=AXIS2_PLACEMENT_3D('',#3651,#2949,#2950);
#2571=AXIS2_PLACEMENT_3D('',#3654,#2953,#2954);
#2572=AXIS2_PLACEMENT_3D('',#3658,#2957,#2958);
#2573=AXIS2_PLACEMENT_3D('',#3659,#2959,#2960);
#2574=AXIS2_PLACEMENT_3D('',#3660,#2961,#2962);
#2575=AXIS2_PLACEMENT_3D('',#3661,#2963,#2964);
#2576=AXIS2_PLACEMENT_3D('',#3662,#2965,#2966);
#2577=AXIS2_PLACEMENT_3D('',#3666,#2969,#2970);
#2578=AXIS2_PLACEMENT_3D('',#3670,#2973,#2974);
#2579=AXIS2_PLACEMENT_3D('',#3686,#2983,#2984);
#2580=AXIS2_PLACEMENT_3D('',#3690,#2987,#2988);
#2581=AXIS2_PLACEMENT_3D('',#3694,#2991,#2992);
#2582=AXIS2_PLACEMENT_3D('',#3706,#2999,#3000);
#2583=AXIS2_PLACEMENT_3D('',#3710,#3003,#3004);
#2584=AXIS2_PLACEMENT_3D('',#3714,#3007,#3008);
#2585=AXIS2_PLACEMENT_3D('',#3726,#3015,#3016);
#2586=AXIS2_PLACEMENT_3D('',#3730,#3019,#3020);
#2587=AXIS2_PLACEMENT_3D('',#3732,#3022,#3023);
#2588=AXIS2_PLACEMENT_3D('',#3734,#3025,#3026);
#2589=AXIS2_PLACEMENT_3D('',#3735,#3027,#3028);
#2590=AXIS2_PLACEMENT_3D('',#3736,#3029,#3030);
#2591=AXIS2_PLACEMENT_3D('',#3738,#3031,#3032);
#2592=AXIS2_PLACEMENT_3D('',#3741,#3034,#3035);
#2593=AXIS2_PLACEMENT_3D('',#3743,#3036,#3037);
#2594=AXIS2_PLACEMENT_3D('',#3745,#3038,#3039);
#2595=AXIS2_PLACEMENT_3D('',#3746,#3040,#3041);
#2596=AXIS2_PLACEMENT_3D('',#3747,#3042,#3043);
#2597=AXIS2_PLACEMENT_3D('',#3748,#3044,#3045);
#2598=AXIS2_PLACEMENT_3D('',#3749,#3046,#3047);
#2599=AXIS2_PLACEMENT_3D('',#3750,#3048,#3049);
#2600=AXIS2_PLACEMENT_3D('',#3752,#3050,#3051);
#2601=AXIS2_PLACEMENT_3D('',#3754,#3053,#3054);
#2602=AXIS2_PLACEMENT_3D('',#3756,#3056,#3057);
#2603=AXIS2_PLACEMENT_3D('',#3758,#3058,#3059);
#2604=AXIS2_PLACEMENT_3D('',#3760,#3061,#3062);
#2605=AXIS2_PLACEMENT_3D('',#3762,#3064,#3065);
#2606=AXIS2_PLACEMENT_3D('',#3771,#3070,#3071);
#2607=AXIS2_PLACEMENT_3D('',#3774,#3072,#3073);
#2608=AXIS2_PLACEMENT_3D('',#3778,#3075,#3076);
#2609=AXIS2_PLACEMENT_3D('',#3782,#3078,#3079);
#2610=AXIS2_PLACEMENT_3D('',#3786,#3081,#3082);
#2611=AXIS2_PLACEMENT_3D('',#3809,#3095,#3096);
#2612=AXIS2_PLACEMENT_3D('',#3815,#3100,#3101);
#2613=AXIS2_PLACEMENT_3D('',#3821,#3105,#3106);
#2614=AXIS2_PLACEMENT_3D('',#3827,#3110,#3111);
#2615=AXIS2_PLACEMENT_3D('',#3833,#3115,#3116);
#2616=AXIS2_PLACEMENT_3D('',#3839,#3120,#3121);
#2617=AXIS2_PLACEMENT_3D('',#3845,#3125,#3126);
#2618=AXIS2_PLACEMENT_3D('',#3849,#3129,#3130);
#2619=AXIS2_PLACEMENT_3D('',#3853,#3133,#3134);
#2620=AXIS2_PLACEMENT_3D('',#3856,#3136,#3137);
#2621=AXIS2_PLACEMENT_3D('',#3857,#3138,#3139);
#2622=AXIS2_PLACEMENT_3D('',#3861,#3142,#3143);
#2623=AXIS2_PLACEMENT_3D('',#3862,#3144,#3145);
#2624=AXIS2_PLACEMENT_3D('',#3863,#3146,#3147);
#2625=AXIS2_PLACEMENT_3D('',#3864,#3148,#3149);
#2626=AXIS2_PLACEMENT_3D('',#3865,#3150,#3151);
#2627=AXIS2_PLACEMENT_3D('',#3868,#3154,#3155);
#2628=AXIS2_PLACEMENT_3D('',#3870,#3157,#3158);
#2629=AXIS2_PLACEMENT_3D('',#3872,#3160,#3161);
#2630=AXIS2_PLACEMENT_3D('',#3874,#3163,#3164);
#2631=AXIS2_PLACEMENT_3D('',#3876,#3166,#3167);
#2632=AXIS2_PLACEMENT_3D('',#3878,#3169,#3170);
#2633=AXIS2_PLACEMENT_3D('',#3880,#3172,#3173);
#2634=AXIS2_PLACEMENT_3D('',#3881,#3174,#3175);
#2635=AXIS2_PLACEMENT_3D('',#3885,#3178,#3179);
#2636=AXIS2_PLACEMENT_3D('',#3889,#3182,#3183);
#2637=AXIS2_PLACEMENT_3D('',#3893,#3186,#3187);
#2638=AXIS2_PLACEMENT_3D('',#3897,#3190,#3191);
#2639=AXIS2_PLACEMENT_3D('',#3901,#3194,#3195);
#2640=AXIS2_PLACEMENT_3D('',#3905,#3198,#3199);
#2641=AXIS2_PLACEMENT_3D('',#3909,#3202,#3203);
#2642=AXIS2_PLACEMENT_3D('',#3913,#3206,#3207);
#2643=AXIS2_PLACEMENT_3D('',#3915,#3209,#3210);
#2644=AXIS2_PLACEMENT_3D('',#3916,#3211,#3212);
#2645=AXIS2_PLACEMENT_3D('',#3918,#3213,#3214);
#2646=AXIS2_PLACEMENT_3D('',#3921,#3216,#3217);
#2647=AXIS2_PLACEMENT_3D('',#3922,#3218,#3219);
#2648=AXIS2_PLACEMENT_3D('',#3924,#3220,#3221);
#2649=AXIS2_PLACEMENT_3D('',#3925,#3222,#3223);
#2650=AXIS2_PLACEMENT_3D('',#3934,#3228,#3229);
#2651=AXIS2_PLACEMENT_3D('',#3940,#3233,#3234);
#2652=AXIS2_PLACEMENT_3D('',#3949,#3239,#3240);
#2653=AXIS2_PLACEMENT_3D('',#3955,#3244,#3245);
#2654=AXIS2_PLACEMENT_3D('',#3966,#3252,#3253);
#2655=AXIS2_PLACEMENT_3D('',#3972,#3257,#3258);
#2656=AXIS2_PLACEMENT_3D('',#3976,#3261,#3262);
#2657=AXIS2_PLACEMENT_3D('',#3980,#3265,#3266);
#2658=AXIS2_PLACEMENT_3D('',#3982,#3268,#3269);
#2659=AXIS2_PLACEMENT_3D('',#3991,#3274,#3275);
#2660=AXIS2_PLACEMENT_3D('',#3997,#3279,#3280);
#2661=AXIS2_PLACEMENT_3D('',#4003,#3284,#3285);
#2662=AXIS2_PLACEMENT_3D('',#4006,#3288,#3289);
#2663=AXIS2_PLACEMENT_3D('',#4015,#3294,#3295);
#2664=AXIS2_PLACEMENT_3D('',#4018,#3298,#3299);
#2665=AXIS2_PLACEMENT_3D('',#4020,#3301,#3302);
#2666=AXIS2_PLACEMENT_3D('',#4022,#3304,#3305);
#2667=AXIS2_PLACEMENT_3D('',#4023,#3306,#3307);
#2668=AXIS2_PLACEMENT_3D('',#4026,#3309,#3310);
#2669=AXIS2_PLACEMENT_3D('',#4027,#3311,#3312);
#2670=AXIS2_PLACEMENT_3D('',#4029,#3313,#3314);
#2671=AXIS2_PLACEMENT_3D('',#4032,#3316,#3317);
#2672=AXIS2_PLACEMENT_3D('',#4033,#3318,#3319);
#2673=AXIS2_PLACEMENT_3D('',#4035,#3320,#3321);
#2674=AXIS2_PLACEMENT_3D('',#4038,#3323,#3324);
#2675=AXIS2_PLACEMENT_3D('',#4039,#3325,#3326);
#2676=AXIS2_PLACEMENT_3D('',#4041,#3327,#3328);
#2677=AXIS2_PLACEMENT_3D('',#4044,#3330,#3331);
#2678=AXIS2_PLACEMENT_3D('',#4045,#3332,#3333);
#2679=AXIS2_PLACEMENT_3D('',#4047,#3334,#3335);
#2680=AXIS2_PLACEMENT_3D('',#4050,#3337,#3338);
#2681=AXIS2_PLACEMENT_3D('',#4051,#3339,#3340);
#2682=AXIS2_PLACEMENT_3D('',#4054,#3341,#3342);
#2683=AXIS2_PLACEMENT_3D('',#4058,#3344,#3345);
#2684=AXIS2_PLACEMENT_3D('',#4060,#3347,#3348);
#2685=AXIS2_PLACEMENT_3D('',#4062,#3349,#3350);
#2686=AXIS2_PLACEMENT_3D('',#4066,#3352,#3353);
#2687=AXIS2_PLACEMENT_3D('',#4068,#3355,#3356);
#2688=AXIS2_PLACEMENT_3D('',#4069,#3357,#3358);
#2689=AXIS2_PLACEMENT_3D('',#4070,#3359,#3360);
#2690=AXIS2_PLACEMENT_3D('',#4072,#3361,#3362);
#2691=AXIS2_PLACEMENT_3D('',#4076,#3364,#3365);
#2692=AXIS2_PLACEMENT_3D('',#4078,#3367,#3368);
#2693=AXIS2_PLACEMENT_3D('',#4079,#3369,#3370);
#2694=AXIS2_PLACEMENT_3D('',#4080,#3371,#3372);
#2695=AXIS2_PLACEMENT_3D('',#4082,#3373,#3374);
#2696=AXIS2_PLACEMENT_3D('',#4085,#3376,#3377);
#2697=AXIS2_PLACEMENT_3D('',#4087,#3379,#3380);
#2698=AXIS2_PLACEMENT_3D('',#4088,#3381,#3382);
#2699=AXIS2_PLACEMENT_3D('',#4089,#3383,#3384);
#2700=AXIS2_PLACEMENT_3D('',#4090,#3385,#3386);
#2701=AXIS2_PLACEMENT_3D('',#4091,#3387,#3388);
#2702=AXIS2_PLACEMENT_3D('',#4095,#3390,#3391);
#2703=AXIS2_PLACEMENT_3D('',#4097,#3393,#3394);
#2704=AXIS2_PLACEMENT_3D('',#4101,#3397,#3398);
#2705=AXIS2_PLACEMENT_3D('',#4104,#3400,#3401);
#2706=AXIS2_PLACEMENT_3D('',#4105,#3402,#3403);
#2707=AXIS2_PLACEMENT_3D('',#4109,#3406,#3407);
#2708=AXIS2_PLACEMENT_3D('',#4110,#3408,#3409);
#2709=AXIS2_PLACEMENT_3D('',#4113,#3411,#3412);
#2710=AXIS2_PLACEMENT_3D('',#4114,#3413,#3414);
#2711=AXIS2_PLACEMENT_3D('',#4118,#3417,#3418);
#2712=AXIS2_PLACEMENT_3D('',#4121,#3420,#3421);
#2713=AXIS2_PLACEMENT_3D('',#4122,#3422,#3423);
#2714=AXIS2_PLACEMENT_3D('',#4124,#3425,#3426);
#2715=DIRECTION('axis',(0.,0.,1.));
#2716=DIRECTION('refdir',(1.,0.,0.));
#2717=DIRECTION('center_axis',(0.,-1.,0.));
#2718=DIRECTION('ref_axis',(-1.,0.,0.));
#2719=DIRECTION('center_axis',(0.,-1.,0.));
#2720=DIRECTION('ref_axis',(-1.,0.,0.));
#2721=DIRECTION('',(0.,-1.,0.));
#2722=DIRECTION('center_axis',(0.,1.,0.));
#2723=DIRECTION('ref_axis',(-1.,0.,0.));
#2724=DIRECTION('center_axis',(0.,-1.,0.));
#2725=DIRECTION('ref_axis',(-1.,0.,0.));
#2726=DIRECTION('center_axis',(0.,-1.,0.));
#2727=DIRECTION('ref_axis',(-1.,0.,0.));
#2728=DIRECTION('',(0.,-1.,0.));
#2729=DIRECTION('center_axis',(0.,1.,0.));
#2730=DIRECTION('ref_axis',(-1.,0.,0.));
#2731=DIRECTION('center_axis',(0.,-1.,0.));
#2732=DIRECTION('ref_axis',(-1.,0.,0.));
#2733=DIRECTION('center_axis',(0.,-1.,0.));
#2734=DIRECTION('ref_axis',(-1.,0.,0.));
#2735=DIRECTION('',(0.,-1.,0.));
#2736=DIRECTION('center_axis',(0.,1.,0.));
#2737=DIRECTION('ref_axis',(-1.,0.,0.));
#2738=DIRECTION('center_axis',(0.,-1.,0.));
#2739=DIRECTION('ref_axis',(-1.,0.,0.));
#2740=DIRECTION('center_axis',(0.,-1.,0.));
#2741=DIRECTION('ref_axis',(-1.,0.,0.));
#2742=DIRECTION('',(0.,-1.,0.));
#2743=DIRECTION('center_axis',(0.,1.,0.));
#2744=DIRECTION('ref_axis',(-1.,0.,0.));
#2745=DIRECTION('center_axis',(0.,1.,0.));
#2746=DIRECTION('ref_axis',(-1.,0.,0.));
#2747=DIRECTION('center_axis',(0.,1.,0.));
#2748=DIRECTION('ref_axis',(-1.,0.,0.));
#2749=DIRECTION('',(-0.707106781186548,-0.707106781186548,8.65956056235493E-17));
#2750=DIRECTION('center_axis',(0.,-1.,0.));
#2751=DIRECTION('ref_axis',(-1.,0.,0.));
#2752=DIRECTION('center_axis',(0.,1.,0.));
#2753=DIRECTION('ref_axis',(0.,0.,1.));
#2754=DIRECTION('center_axis',(0.,-1.,0.));
#2755=DIRECTION('ref_axis',(-0.707106781186548,0.,0.707106781186548));
#2756=DIRECTION('',(1.,0.,0.));
#2757=DIRECTION('center_axis',(0.,-1.,0.));
#2758=DIRECTION('ref_axis',(0.707106781186548,0.,0.707106781186548));
#2759=DIRECTION('',(0.,0.,-1.));
#2760=DIRECTION('center_axis',(0.,-1.,0.));
#2761=DIRECTION('ref_axis',(0.707106781186546,0.,-0.707106781186549));
#2762=DIRECTION('',(-1.,0.,0.));
#2763=DIRECTION('center_axis',(0.,-1.,0.));
#2764=DIRECTION('ref_axis',(-0.707106781186546,0.,-0.707106781186549));
#2765=DIRECTION('',(0.,0.,1.));
#2766=DIRECTION('center_axis',(0.,1.,0.));
#2767=DIRECTION('ref_axis',(-1.,0.,0.));
#2768=DIRECTION('center_axis',(0.,1.,0.));
#2769=DIRECTION('ref_axis',(-1.,0.,0.));
#2770=DIRECTION('center_axis',(0.,-1.,0.));
#2771=DIRECTION('ref_axis',(0.707106781186548,0.,-0.707106781186548));
#2772=DIRECTION('',(-1.,0.,0.));
#2773=DIRECTION('',(4.03717463500057E-16,0.,-1.));
#2774=DIRECTION('',(-1.,0.,0.));
#2775=DIRECTION('center_axis',(0.,-1.,0.));
#2776=DIRECTION('ref_axis',(0.707106781186548,0.,0.707106781186547));
#2777=DIRECTION('',(0.,0.,1.));
#2778=DIRECTION('',(1.,0.,0.));
#2779=DIRECTION('',(0.,0.,1.));
#2780=DIRECTION('center_axis',(0.,-1.,0.));
#2781=DIRECTION('ref_axis',(-0.707106781186549,0.,0.707106781186546));
#2782=DIRECTION('',(1.,0.,0.));
#2783=DIRECTION('',(-4.03717463500057E-16,0.,1.));
#2784=DIRECTION('',(1.,0.,-4.44089209850063E-16));
#2785=DIRECTION('center_axis',(0.,-1.,0.));
#2786=DIRECTION('ref_axis',(-0.707106781186548,0.,-0.707106781186548));
#2787=DIRECTION('',(0.,0.,-1.));
#2788=DIRECTION('',(-1.,0.,0.));
#2789=DIRECTION('',(0.,0.,-1.));
#2790=DIRECTION('center_axis',(0.,1.,0.));
#2791=DIRECTION('ref_axis',(-1.,0.,0.));
#2792=DIRECTION('center_axis',(0.,-1.,0.));
#2793=DIRECTION('ref_axis',(-1.,0.,0.));
#2794=DIRECTION('',(0.,-1.,0.));
#2795=DIRECTION('center_axis',(0.,-1.,0.));
#2796=DIRECTION('ref_axis',(-1.,0.,0.));
#2797=DIRECTION('center_axis',(0.,1.,0.));
#2798=DIRECTION('ref_axis',(-1.,0.,0.));
#2799=DIRECTION('',(-0.707106781186548,-0.707106781186548,8.65956056235493E-17));
#2800=DIRECTION('center_axis',(0.,-1.,0.));
#2801=DIRECTION('ref_axis',(-1.,0.,0.));
#2802=DIRECTION('center_axis',(0.,-1.,0.));
#2803=DIRECTION('ref_axis',(-1.,0.,0.));
#2804=DIRECTION('',(0.,-1.,0.));
#2805=DIRECTION('center_axis',(0.,-1.,0.));
#2806=DIRECTION('ref_axis',(-1.,0.,0.));
#2807=DIRECTION('center_axis',(0.,1.,0.));
#2808=DIRECTION('ref_axis',(-1.,0.,0.));
#2809=DIRECTION('',(-0.707106781186548,-0.707106781186548,8.65956056235493E-17));
#2810=DIRECTION('center_axis',(0.,-1.,0.));
#2811=DIRECTION('ref_axis',(-1.,0.,0.));
#2812=DIRECTION('center_axis',(0.,-1.,0.));
#2813=DIRECTION('ref_axis',(-1.,0.,0.));
#2814=DIRECTION('',(0.,-1.,0.));
#2815=DIRECTION('center_axis',(0.,-1.,0.));
#2816=DIRECTION('ref_axis',(-1.,0.,0.));
#2817=DIRECTION('center_axis',(0.,1.,0.));
#2818=DIRECTION('ref_axis',(-1.,0.,0.));
#2819=DIRECTION('',(-0.707106781186548,-0.707106781186548,8.65956056235493E-17));
#2820=DIRECTION('center_axis',(0.,-1.,0.));
#2821=DIRECTION('ref_axis',(-1.,0.,0.));
#2822=DIRECTION('center_axis',(0.,-1.,0.));
#2823=DIRECTION('ref_axis',(-1.,0.,0.));
#2824=DIRECTION('',(0.,-1.,0.));
#2825=DIRECTION('center_axis',(0.,-1.,0.));
#2826=DIRECTION('ref_axis',(-1.,0.,0.));
#2827=DIRECTION('center_axis',(0.,0.,-1.));
#2828=DIRECTION('ref_axis',(0.707106781186546,-0.707106781186549,0.));
#2829=DIRECTION('center_axis',(0.,0.,-1.));
#2830=DIRECTION('ref_axis',(1.,0.,0.));
#2831=DIRECTION('',(0.,0.,-1.));
#2832=DIRECTION('center_axis',(0.,0.,1.));
#2833=DIRECTION('ref_axis',(0.,-1.,0.));
#2834=DIRECTION('',(0.,0.,1.));
#2835=DIRECTION('center_axis',(-1.,0.,0.));
#2836=DIRECTION('ref_axis',(0.,-0.707106781186547,-0.707106781186548));
#2837=DIRECTION('center_axis',(-1.,0.,0.));
#2838=DIRECTION('ref_axis',(0.,0.,-1.));
#2839=DIRECTION('',(-1.,0.,0.));
#2840=DIRECTION('center_axis',(1.,0.,-8.88178419700124E-15));
#2841=DIRECTION('ref_axis',(0.,-1.,0.));
#2842=DIRECTION('',(1.,0.,0.));
#2843=DIRECTION('center_axis',(-0.40824829046386,-0.816496580927727,0.408248290463865));
#2844=DIRECTION('ref_axis',(0.577350269189623,-0.577350269189627,-0.577350269189627));
#2845=DIRECTION('center_axis',(0.,-1.,0.));
#2846=DIRECTION('ref_axis',(0.707106781186546,0.,-0.707106781186549));
#2847=DIRECTION('center_axis',(0.,0.,1.));
#2848=DIRECTION('ref_axis',(-0.707106781186546,-0.707106781186549,0.));
#2849=DIRECTION('center_axis',(-8.3266726846887E-16,0.,1.));
#2850=DIRECTION('ref_axis',(-1.,0.,-8.3266726846887E-16));
#2851=DIRECTION('',(0.,0.,1.));
#2852=DIRECTION('center_axis',(0.,0.,-1.));
#2853=DIRECTION('ref_axis',(0.,-1.,0.));
#2854=DIRECTION('',(0.,0.,-1.));
#2855=DIRECTION('center_axis',(-0.816496580927728,0.408248290463861,0.408248290463861));
#2856=DIRECTION('ref_axis',(-0.577350269189622,-0.577350269189628,-0.577350269189627));
#2857=DIRECTION('center_axis',(0.,-1.,0.));
#2858=DIRECTION('ref_axis',(-0.707106781186546,0.,-0.707106781186549));
#2859=DIRECTION('center_axis',(1.,0.,0.));
#2860=DIRECTION('ref_axis',(0.,-0.707106781186549,0.707106781186546));
#2861=DIRECTION('center_axis',(1.,0.,0.));
#2862=DIRECTION('ref_axis',(0.,0.,1.));
#2863=DIRECTION('',(1.,0.,0.));
#2864=DIRECTION('center_axis',(-1.,0.,8.88178419700128E-15));
#2865=DIRECTION('ref_axis',(0.,-1.,0.));
#2866=DIRECTION('',(-1.,0.,0.));
#2867=DIRECTION('center_axis',(-0.816496580927727,0.408248290463864,-0.40824829046386));
#2868=DIRECTION('ref_axis',(-0.577350269189624,-0.577350269189629,0.577350269189624));
#2869=DIRECTION('center_axis',(0.,-1.,0.));
#2870=DIRECTION('ref_axis',(-0.707106781186548,0.,0.707106781186548));
#2871=DIRECTION('center_axis',(-0.816496580927728,-0.408248290463862,0.40824829046386));
#2872=DIRECTION('ref_axis',(0.577350269189621,-0.577350269189628,0.577350269189628));
#2873=DIRECTION('center_axis',(0.,-1.,0.));
#2874=DIRECTION('ref_axis',(0.707106781186548,0.,0.707106781186548));
#2875=DIRECTION('center_axis',(0.,1.,0.));
#2876=DIRECTION('ref_axis',(-0.707106781186546,0.,-0.707106781186549));
#2877=DIRECTION('',(0.,1.,0.));
#2878=DIRECTION('',(0.,-1.,0.));
#2879=DIRECTION('center_axis',(-1.,0.,0.));
#2880=DIRECTION('ref_axis',(0.,0.,1.));
#2881=DIRECTION('',(0.,-1.,0.));
#2882=DIRECTION('center_axis',(0.,1.,0.));
#2883=DIRECTION('ref_axis',(-0.707106781186548,0.,0.707106781186548));
#2884=DIRECTION('',(0.,1.,0.));
#2885=DIRECTION('center_axis',(0.,0.,1.));
#2886=DIRECTION('ref_axis',(1.,0.,0.));
#2887=DIRECTION('',(0.,-1.,0.));
#2888=DIRECTION('center_axis',(0.,1.,0.));
#2889=DIRECTION('ref_axis',(1.,0.,0.));
#2890=DIRECTION('center_axis',(0.,-1.,0.));
#2891=DIRECTION('ref_axis',(1.,0.,0.));
#2892=DIRECTION('',(0.,0.,-1.));
#2893=DIRECTION('center_axis',(0.,1.,0.));
#2894=DIRECTION('ref_axis',(1.,0.,0.));
#2895=DIRECTION('',(-1.,0.,0.));
#2896=DIRECTION('center_axis',(0.,1.,0.));
#2897=DIRECTION('ref_axis',(0.,0.,-1.));
#2898=DIRECTION('',(0.,0.,1.));
#2899=DIRECTION('center_axis',(0.,1.,0.));
#2900=DIRECTION('ref_axis',(-1.,0.,0.));
#2901=DIRECTION('',(1.,0.,0.));
#2902=DIRECTION('center_axis',(0.,1.,0.));
#2903=DIRECTION('ref_axis',(0.,0.,1.));
#2904=DIRECTION('center_axis',(0.,-1.,0.));
#2905=DIRECTION('ref_axis',(1.,0.,0.));
#2906=DIRECTION('center_axis',(0.,0.,-1.));
#2907=DIRECTION('ref_axis',(-1.,0.,0.));
#2908=DIRECTION('',(0.,1.,0.));
#2909=DIRECTION('center_axis',(0.,1.,0.));
#2910=DIRECTION('ref_axis',(0.707106781186546,0.,-0.707106781186549));
#2911=DIRECTION('',(0.,-1.,0.));
#2912=DIRECTION('center_axis',(1.,0.,0.));
#2913=DIRECTION('ref_axis',(0.,0.,-1.));
#2914=DIRECTION('',(0.,1.,0.));
#2915=DIRECTION('center_axis',(0.,1.,0.));
#2916=DIRECTION('ref_axis',(0.707106781186548,0.,0.707106781186548));
#2917=DIRECTION('center_axis',(0.,-1.,0.));
#2918=DIRECTION('ref_axis',(0.707106781186548,0.,-0.707106781186548));
#2919=DIRECTION('center_axis',(0.,1.,0.));
#2920=DIRECTION('ref_axis',(0.707106781186548,0.,-0.707106781186548));
#2921=DIRECTION('',(0.,1.,0.));
#2922=DIRECTION('',(0.,-1.,0.));
#2923=DIRECTION('center_axis',(1.,0.,0.));
#2924=DIRECTION('ref_axis',(0.,0.,1.));
#2925=DIRECTION('',(0.,1.,0.));
#2926=DIRECTION('',(0.,0.,1.));
#2927=DIRECTION('center_axis',(0.,-1.,0.));
#2928=DIRECTION('ref_axis',(0.707106781186548,0.,0.707106781186547));
#2929=DIRECTION('center_axis',(0.,1.,0.));
#2930=DIRECTION('ref_axis',(0.707106781186548,0.,0.707106781186547));
#2931=DIRECTION('',(0.,1.,0.));
#2932=DIRECTION('',(0.,-1.,0.));
#2933=DIRECTION('center_axis',(0.,0.,1.));
#2934=DIRECTION('ref_axis',(-1.,0.,0.));
#2935=DIRECTION('',(0.,1.,0.));
#2936=DIRECTION('',(-1.,0.,0.));
#2937=DIRECTION('center_axis',(0.,-1.,0.));
#2938=DIRECTION('ref_axis',(-0.707106781186549,0.,0.707106781186546));
#2939=DIRECTION('center_axis',(0.,1.,0.));
#2940=DIRECTION('ref_axis',(-0.707106781186549,0.,0.707106781186546));
#2941=DIRECTION('',(0.,1.,0.));
#2942=DIRECTION('',(0.,-1.,0.));
#2943=DIRECTION('center_axis',(-1.,0.,0.));
#2944=DIRECTION('ref_axis',(0.,0.,-1.));
#2945=DIRECTION('',(0.,1.,0.));
#2946=DIRECTION('',(0.,0.,-1.));
#2947=DIRECTION('center_axis',(0.,-1.,0.));
#2948=DIRECTION('ref_axis',(-0.707106781186548,0.,-0.707106781186548));
#2949=DIRECTION('center_axis',(0.,1.,0.));
#2950=DIRECTION('ref_axis',(-0.707106781186548,0.,-0.707106781186548));
#2951=DIRECTION('',(0.,1.,0.));
#2952=DIRECTION('',(0.,-1.,0.));
#2953=DIRECTION('center_axis',(-1.,0.,0.));
#2954=DIRECTION('ref_axis',(0.,0.,-1.));
#2955=DIRECTION('',(0.,0.,-1.));
#2956=DIRECTION('',(0.,-1.,0.));
#2957=DIRECTION('center_axis',(0.,1.,0.));
#2958=DIRECTION('ref_axis',(-1.,0.,0.));
#2959=DIRECTION('center_axis',(0.,1.,0.));
#2960=DIRECTION('ref_axis',(-1.,0.,0.));
#2961=DIRECTION('center_axis',(0.,1.,0.));
#2962=DIRECTION('ref_axis',(-1.,0.,0.));
#2963=DIRECTION('center_axis',(0.,1.,0.));
#2964=DIRECTION('ref_axis',(-1.,0.,0.));
#2965=DIRECTION('center_axis',(1.,0.,0.));
#2966=DIRECTION('ref_axis',(0.,0.,1.));
#2967=DIRECTION('',(0.,0.,1.));
#2968=DIRECTION('',(0.,-1.,0.));
#2969=DIRECTION('center_axis',(0.,-1.,0.));
#2970=DIRECTION('ref_axis',(0.,0.,-1.));
#2971=DIRECTION('',(-4.03717463500057E-16,0.,1.));
#2972=DIRECTION('',(-1.,0.,0.));
#2973=DIRECTION('center_axis',(0.,0.,1.));
#2974=DIRECTION('ref_axis',(1.,0.,0.));
#2975=DIRECTION('',(0.,1.,0.));
#2976=DIRECTION('',(-1.,0.,0.));
#2977=DIRECTION('',(0.,-1.,0.));
#2978=DIRECTION('',(-1.,0.,0.));
#2979=DIRECTION('',(0.,1.,0.));
#2980=DIRECTION('',(-1.,0.,0.));
#2981=DIRECTION('',(0.,1.,0.));
#2982=DIRECTION('',(-1.,0.,0.));
#2983=DIRECTION('center_axis',(0.,0.,-1.));
#2984=DIRECTION('ref_axis',(1.,0.,0.));
#2985=DIRECTION('',(1.,0.,0.));
#2986=DIRECTION('',(0.,-1.,0.));
#2987=DIRECTION('center_axis',(0.,-1.,0.));
#2988=DIRECTION('ref_axis',(0.,0.,-1.));
#2989=DIRECTION('',(1.,0.,0.));
#2990=DIRECTION('',(-4.03717463500057E-16,0.,1.));
#2991=DIRECTION('center_axis',(1.,0.,4.03717463500057E-16));
#2992=DIRECTION('ref_axis',(4.03717463500057E-16,0.,-1.));
#2993=DIRECTION('',(0.,1.,0.));
#2994=DIRECTION('',(-4.03717463500057E-16,0.,1.));
#2995=DIRECTION('',(0.,1.,0.));
#2996=DIRECTION('',(0.,0.,1.));
#2997=DIRECTION('',(0.,1.,0.));
#2998=DIRECTION('',(-4.03717463500057E-16,0.,1.));
#2999=DIRECTION('center_axis',(-4.44089209850063E-16,0.,-1.));
#3000=DIRECTION('ref_axis',(1.,0.,-4.44089209850063E-16));
#3001=DIRECTION('',(0.,1.,0.));
#3002=DIRECTION('',(1.,0.,-4.44089209850063E-16));
#3003=DIRECTION('center_axis',(0.,-1.,0.));
#3004=DIRECTION('ref_axis',(0.,0.,-1.));
#3005=DIRECTION('',(4.03717463500057E-16,0.,-1.));
#3006=DIRECTION('',(1.,0.,0.));
#3007=DIRECTION('center_axis',(0.,0.,-1.));
#3008=DIRECTION('ref_axis',(-1.,0.,0.));
#3009=DIRECTION('',(0.,1.,0.));
#3010=DIRECTION('',(1.,0.,0.));
#3011=DIRECTION('',(0.,-1.,0.));
#3012=DIRECTION('',(1.,0.,0.));
#3013=DIRECTION('',(0.,1.,0.));
#3014=DIRECTION('',(1.,0.,0.));
#3015=DIRECTION('center_axis',(0.,0.,1.));
#3016=DIRECTION('ref_axis',(-1.,0.,0.));
#3017=DIRECTION('',(-1.,0.,0.));
#3018=DIRECTION('',(0.,-1.,0.));
#3019=DIRECTION('center_axis',(0.,-1.,0.));
#3020=DIRECTION('ref_axis',(0.,0.,-1.));
#3021=DIRECTION('',(4.03717463500057E-16,0.,-1.));
#3022=DIRECTION('center_axis',(-1.,0.,-4.03717463500057E-16));
#3023=DIRECTION('ref_axis',(-4.03717463500057E-16,0.,1.));
#3024=DIRECTION('',(4.03717463500057E-16,0.,-1.));
#3025=DIRECTION('center_axis',(0.,1.,0.));
#3026=DIRECTION('ref_axis',(1.,0.,0.));
#3027=DIRECTION('center_axis',(0.,-1.,0.));
#3028=DIRECTION('ref_axis',(-1.,0.,0.));
#3029=DIRECTION('center_axis',(0.,1.,0.));
#3030=DIRECTION('ref_axis',(1.,0.,0.));
#3031=DIRECTION('center_axis',(0.,-1.,0.));
#3032=DIRECTION('ref_axis',(1.,0.,4.44089208526576E-16));
#3033=DIRECTION('',(0.,0.,1.));
#3034=DIRECTION('center_axis',(0.,-1.,0.));
#3035=DIRECTION('ref_axis',(0.,0.,1.));
#3036=DIRECTION('center_axis',(0.,1.,0.));
#3037=DIRECTION('ref_axis',(1.,0.,0.));
#3038=DIRECTION('center_axis',(0.,1.,0.));
#3039=DIRECTION('ref_axis',(1.,0.,0.));
#3040=DIRECTION('center_axis',(0.,1.,0.));
#3041=DIRECTION('ref_axis',(1.,0.,0.));
#3042=DIRECTION('center_axis',(0.,-1.,0.));
#3043=DIRECTION('ref_axis',(0.,0.,-1.));
#3044=DIRECTION('center_axis',(0.,1.,0.));
#3045=DIRECTION('ref_axis',(-1.,0.,0.));
#3046=DIRECTION('center_axis',(0.,1.,0.));
#3047=DIRECTION('ref_axis',(-1.,0.,0.));
#3048=DIRECTION('center_axis',(0.,-1.,0.));
#3049=DIRECTION('ref_axis',(1.,0.,0.));
#3050=DIRECTION('center_axis',(0.,1.,0.));
#3051=DIRECTION('ref_axis',(1.,0.,0.));
#3052=DIRECTION('',(-0.707106781186546,-0.707106781186549,8.65956056235492E-17));
#3053=DIRECTION('center_axis',(0.,1.,0.));
#3054=DIRECTION('ref_axis',(1.,0.,0.));
#3055=DIRECTION('',(0.,-1.,0.));
#3056=DIRECTION('center_axis',(0.,-1.,0.));
#3057=DIRECTION('ref_axis',(1.,0.,0.));
#3058=DIRECTION('center_axis',(0.,1.,0.));
#3059=DIRECTION('ref_axis',(1.,0.,0.));
#3060=DIRECTION('',(-0.707106781186546,-0.707106781186549,8.65956056235492E-17));
#3061=DIRECTION('center_axis',(0.,1.,0.));
#3062=DIRECTION('ref_axis',(1.,0.,0.));
#3063=DIRECTION('',(0.,-1.,0.));
#3064=DIRECTION('center_axis',(0.707106781186542,-0.707106781186553,-1.5700924586838E-15));
#3065=DIRECTION('ref_axis',(-2.22044604925036E-15,0.,-1.));
#3066=DIRECTION('',(0.707106781186553,0.707106781186542,-3.30545780775539E-15));
#3067=DIRECTION('',(-2.22044604925036E-15,0.,-1.));
#3068=DIRECTION('',(-0.707106781186553,-0.707106781186542,1.65272890387767E-15));
#3069=DIRECTION('',(2.22044604925036E-15,0.,1.));
#3070=DIRECTION('center_axis',(0.,1.,0.));
#3071=DIRECTION('ref_axis',(1.,0.,0.));
#3072=DIRECTION('center_axis',(0.,1.,0.));
#3073=DIRECTION('ref_axis',(1.,0.,0.));
#3074=DIRECTION('',(0.,0.,-1.));
#3075=DIRECTION('center_axis',(0.,1.,0.));
#3076=DIRECTION('ref_axis',(0.,0.,1.));
#3077=DIRECTION('',(1.,0.,0.));
#3078=DIRECTION('center_axis',(0.,1.,0.));
#3079=DIRECTION('ref_axis',(-1.,0.,0.));
#3080=DIRECTION('',(0.,0.,1.));
#3081=DIRECTION('center_axis',(0.,1.,0.));
#3082=DIRECTION('ref_axis',(0.,0.,-1.));
#3083=DIRECTION('',(-1.,0.,0.));
#3084=DIRECTION('',(1.,0.,-2.3373116307898E-15));
#3085=DIRECTION('',(-1.,0.,4.67462326157968E-15));
#3086=DIRECTION('',(0.,0.,-1.));
#3087=DIRECTION('',(-1.,0.,-1.2166827667125E-16));
#3088=DIRECTION('',(0.,0.,1.));
#3089=DIRECTION('',(-1.,0.,0.));
#3090=DIRECTION('',(2.22044604925036E-15,0.,1.));
#3091=DIRECTION('',(1.,0.,0.));
#3092=DIRECTION('',(0.,0.,1.));
#3093=DIRECTION('',(1.,0.,4.56256037517188E-17));
#3094=DIRECTION('',(0.,0.,-1.));
#3095=DIRECTION('center_axis',(-0.707106781186549,-0.707106781186546,1.57009245868381E-15));
#3096=DIRECTION('ref_axis',(2.22044604925036E-15,0.,1.));
#3097=DIRECTION('',(-0.707106781186546,0.707106781186549,0.));
#3098=DIRECTION('',(0.707106781186546,-0.707106781186549,0.));
#3099=DIRECTION('',(-2.22044604925036E-15,0.,-1.));
#3100=DIRECTION('center_axis',(1.,0.,-2.22044604925036E-15));
#3101=DIRECTION('ref_axis',(-2.22044604925036E-15,0.,-1.));
#3102=DIRECTION('',(0.,-1.,0.));
#3103=DIRECTION('',(-2.22044604925036E-15,0.,-1.));
#3104=DIRECTION('',(0.,1.,0.));
#3105=DIRECTION('center_axis',(0.,1.,0.));
#3106=DIRECTION('ref_axis',(0.,0.,1.));
#3107=DIRECTION('',(-3.70074341541727E-15,0.,-1.));
#3108=DIRECTION('',(-1.,0.,4.67462326157968E-15));
#3109=DIRECTION('',(1.,0.,-2.3373116307898E-15));
#3110=DIRECTION('center_axis',(-1.,0.,2.22044604925036E-15));
#3111=DIRECTION('ref_axis',(2.22044604925036E-15,0.,1.));
#3112=DIRECTION('',(0.,-1.,0.));
#3113=DIRECTION('',(2.22044604925036E-15,0.,1.));
#3114=DIRECTION('',(0.,1.,0.));
#3115=DIRECTION('center_axis',(0.,1.,0.));
#3116=DIRECTION('ref_axis',(0.,0.,1.));
#3117=DIRECTION('',(-1.,0.,0.));
#3118=DIRECTION('',(0.,0.,1.));
#3119=DIRECTION('',(1.,0.,0.));
#3120=DIRECTION('center_axis',(0.,0.,1.));
#3121=DIRECTION('ref_axis',(1.,0.,0.));
#3122=DIRECTION('',(0.,1.,0.));
#3123=DIRECTION('',(1.,0.,0.));
#3124=DIRECTION('',(0.,1.,0.));
#3125=DIRECTION('center_axis',(-1.,0.,0.));
#3126=DIRECTION('ref_axis',(0.,0.,1.));
#3127=DIRECTION('',(0.,1.,0.));
#3128=DIRECTION('',(0.,0.,1.));
#3129=DIRECTION('center_axis',(0.,0.,-1.));
#3130=DIRECTION('ref_axis',(-1.,0.,0.));
#3131=DIRECTION('',(0.,1.,0.));
#3132=DIRECTION('',(-1.,0.,0.));
#3133=DIRECTION('center_axis',(0.,1.,0.));
#3134=DIRECTION('ref_axis',(0.,0.,1.));
#3135=DIRECTION('',(0.,1.,0.));
#3136=DIRECTION('center_axis',(0.,1.,0.));
#3137=DIRECTION('ref_axis',(0.,0.,1.));
#3138=DIRECTION('center_axis',(-1.,0.,0.));
#3139=DIRECTION('ref_axis',(0.,0.,1.));
#3140=DIRECTION('',(0.,0.,-1.));
#3141=DIRECTION('',(0.,1.,0.));
#3142=DIRECTION('center_axis',(0.,1.,0.));
#3143=DIRECTION('ref_axis',(1.,0.,4.44089208526576E-16));
#3144=DIRECTION('center_axis',(0.,1.,0.));
#3145=DIRECTION('ref_axis',(1.,0.,4.44089208526576E-16));
#3146=DIRECTION('center_axis',(0.,1.,0.));
#3147=DIRECTION('ref_axis',(0.,0.,-1.));
#3148=DIRECTION('center_axis',(0.,1.,0.));
#3149=DIRECTION('ref_axis',(0.,0.,-1.));
#3150=DIRECTION('center_axis',(1.,0.,0.));
#3151=DIRECTION('ref_axis',(0.,0.,-1.));
#3152=DIRECTION('',(0.,1.,0.));
#3153=DIRECTION('',(0.,1.,0.));
#3154=DIRECTION('center_axis',(0.,1.,0.));
#3155=DIRECTION('ref_axis',(0.,0.,1.));
#3156=DIRECTION('',(0.,1.,0.));
#3157=DIRECTION('center_axis',(0.,0.,1.));
#3158=DIRECTION('ref_axis',(1.,0.,0.));
#3159=DIRECTION('',(0.,1.,0.));
#3160=DIRECTION('center_axis',(0.,1.,0.));
#3161=DIRECTION('ref_axis',(-1.,0.,0.));
#3162=DIRECTION('',(0.,1.,0.));
#3163=DIRECTION('center_axis',(-1.,0.,0.));
#3164=DIRECTION('ref_axis',(0.,0.,1.));
#3165=DIRECTION('',(0.,1.,0.));
#3166=DIRECTION('center_axis',(0.,1.,0.));
#3167=DIRECTION('ref_axis',(0.,0.,-1.));
#3168=DIRECTION('',(0.,1.,0.));
#3169=DIRECTION('center_axis',(0.,0.,-1.));
#3170=DIRECTION('ref_axis',(-1.,0.,0.));
#3171=DIRECTION('',(0.,1.,0.));
#3172=DIRECTION('center_axis',(0.,1.,0.));
#3173=DIRECTION('ref_axis',(1.,0.,0.));
#3174=DIRECTION('center_axis',(-1.,0.,0.));
#3175=DIRECTION('ref_axis',(0.,0.,1.));
#3176=DIRECTION('',(0.,1.,0.));
#3177=DIRECTION('',(0.,0.,1.));
#3178=DIRECTION('center_axis',(1.2166827667125E-16,0.,-1.));
#3179=DIRECTION('ref_axis',(-1.,0.,-1.2166827667125E-16));
#3180=DIRECTION('',(0.,1.,0.));
#3181=DIRECTION('',(-1.,0.,-1.2166827667125E-16));
#3182=DIRECTION('center_axis',(1.,0.,0.));
#3183=DIRECTION('ref_axis',(0.,0.,-1.));
#3184=DIRECTION('',(0.,1.,0.));
#3185=DIRECTION('',(0.,0.,-1.));
#3186=DIRECTION('center_axis',(-1.,0.,0.));
#3187=DIRECTION('ref_axis',(0.,0.,1.));
#3188=DIRECTION('',(0.,0.,1.));
#3189=DIRECTION('',(0.,1.,0.));
#3190=DIRECTION('center_axis',(-4.56256037517188E-17,0.,1.));
#3191=DIRECTION('ref_axis',(1.,0.,4.56256037517188E-17));
#3192=DIRECTION('',(1.,0.,4.56256037517188E-17));
#3193=DIRECTION('',(0.,1.,0.));
#3194=DIRECTION('center_axis',(1.,0.,0.));
#3195=DIRECTION('ref_axis',(0.,0.,-1.));
#3196=DIRECTION('',(0.,0.,-1.));
#3197=DIRECTION('',(0.,1.,0.));
#3198=DIRECTION('center_axis',(2.3373116307898E-15,0.,1.));
#3199=DIRECTION('ref_axis',(1.,0.,-2.3373116307898E-15));
#3200=DIRECTION('',(1.,0.,-2.3373116307898E-15));
#3201=DIRECTION('',(0.,1.,0.));
#3202=DIRECTION('center_axis',(1.,0.,-3.70074341541727E-15));
#3203=DIRECTION('ref_axis',(-3.70074341541727E-15,0.,-1.));
#3204=DIRECTION('',(-3.70074341541727E-15,0.,-1.));
#3205=DIRECTION('',(0.,1.,0.));
#3206=DIRECTION('center_axis',(-4.67462326157968E-15,0.,-1.));
#3207=DIRECTION('ref_axis',(-1.,0.,4.67462326157968E-15));
#3208=DIRECTION('',(-1.,0.,4.67462326157968E-15));
#3209=DIRECTION('center_axis',(0.,1.,0.));
#3210=DIRECTION('ref_axis',(1.,0.,0.));
#3211=DIRECTION('center_axis',(0.,-1.,0.));
#3212=DIRECTION('ref_axis',(-1.,0.,0.));
#3213=DIRECTION('center_axis',(0.,-1.,0.));
#3214=DIRECTION('ref_axis',(-1.,0.,0.));
#3215=DIRECTION('',(0.,-1.,0.));
#3216=DIRECTION('center_axis',(0.,-1.,0.));
#3217=DIRECTION('ref_axis',(-1.,0.,0.));
#3218=DIRECTION('center_axis',(0.,1.,0.));
#3219=DIRECTION('ref_axis',(-1.,0.,0.));
#3220=DIRECTION('center_axis',(0.,1.,0.));
#3221=DIRECTION('ref_axis',(-1.,0.,0.));
#3222=DIRECTION('center_axis',(2.96059473233375E-16,0.,1.));
#3223=DIRECTION('ref_axis',(-1.,0.,2.96059473233375E-16));
#3224=DIRECTION('',(1.,0.,-2.96059473233375E-16));
#3225=DIRECTION('',(0.,-1.,0.));
#3226=DIRECTION('',(-1.,0.,2.96059473233375E-16));
#3227=DIRECTION('',(0.,-1.,0.));
#3228=DIRECTION('center_axis',(0.,1.,0.));
#3229=DIRECTION('ref_axis',(0.,0.,1.));
#3230=DIRECTION('',(0.,0.,-1.));
#3231=DIRECTION('',(-1.,0.,0.));
#3232=DIRECTION('',(0.,0.,1.));
#3233=DIRECTION('center_axis',(-7.40148683083438E-17,0.,-1.));
#3234=DIRECTION('ref_axis',(1.,0.,-7.40148683083438E-17));
#3235=DIRECTION('',(-1.,0.,7.40148683083438E-17));
#3236=DIRECTION('',(0.,-1.,0.));
#3237=DIRECTION('',(1.,0.,-7.40148683083438E-17));
#3238=DIRECTION('',(0.,-1.,0.));
#3239=DIRECTION('center_axis',(0.,1.,0.));
#3240=DIRECTION('ref_axis',(0.,0.,1.));
#3241=DIRECTION('',(0.,0.,1.));
#3242=DIRECTION('',(1.,0.,0.));
#3243=DIRECTION('',(0.,0.,-1.));
#3244=DIRECTION('center_axis',(0.,-1.,0.));
#3245=DIRECTION('ref_axis',(0.,0.,-1.));
#3246=DIRECTION('',(3.86164525050886E-16,0.,1.));
#3247=DIRECTION('',(-1.,0.,2.61228946970625E-16));
#3248=DIRECTION('',(0.,0.,-1.));
#3249=DIRECTION('',(1.,0.,-6.53072367426563E-17));
#3250=DIRECTION('',(0.,0.,1.));
#3251=DIRECTION('',(0.,0.,-1.));
#3252=DIRECTION('center_axis',(-6.53072367426563E-17,0.,-1.));
#3253=DIRECTION('ref_axis',(1.,0.,-6.53072367426563E-17));
#3254=DIRECTION('',(-1.,0.,6.53072367426563E-17));
#3255=DIRECTION('',(0.,-1.,0.));
#3256=DIRECTION('',(0.,-1.,0.));
#3257=DIRECTION('center_axis',(-1.,0.,0.));
#3258=DIRECTION('ref_axis',(0.,0.,-1.));
#3259=DIRECTION('',(0.,0.,1.));
#3260=DIRECTION('',(0.,-1.,0.));
#3261=DIRECTION('center_axis',(2.61228946970625E-16,0.,1.));
#3262=DIRECTION('ref_axis',(-1.,0.,2.61228946970625E-16));
#3263=DIRECTION('',(1.,0.,-2.61228946970625E-16));
#3264=DIRECTION('',(0.,-1.,0.));
#3265=DIRECTION('center_axis',(1.,0.,-3.86164525050886E-16));
#3266=DIRECTION('ref_axis',(3.86164525050886E-16,0.,1.));
#3267=DIRECTION('',(-3.86164525050886E-16,0.,-1.));
#3268=DIRECTION('center_axis',(-1.,0.,0.));
#3269=DIRECTION('ref_axis',(0.,0.,-1.));
#3270=DIRECTION('',(0.,0.,-1.));
#3271=DIRECTION('',(0.,-1.,0.));
#3272=DIRECTION('',(0.,0.,-1.));
#3273=DIRECTION('',(0.,-1.,0.));
#3274=DIRECTION('center_axis',(2.96059473233375E-16,0.,1.));
#3275=DIRECTION('ref_axis',(-1.,0.,2.96059473233375E-16));
#3276=DIRECTION('',(-1.,0.,2.96059473233375E-16));
#3277=DIRECTION('',(0.,-1.,0.));
#3278=DIRECTION('',(-1.,0.,2.96059473233375E-16));
#3279=DIRECTION('center_axis',(1.,0.,-4.2294209831727E-16));
#3280=DIRECTION('ref_axis',(4.2294209831727E-16,0.,1.));
#3281=DIRECTION('',(4.2294209831727E-16,0.,1.));
#3282=DIRECTION('',(0.,-1.,0.));
#3283=DIRECTION('',(4.2294209831727E-16,0.,1.));
#3284=DIRECTION('center_axis',(-7.40148683083438E-17,0.,-1.));
#3285=DIRECTION('ref_axis',(1.,0.,-7.40148683083438E-17));
#3286=DIRECTION('',(1.,0.,-7.40148683083438E-17));
#3287=DIRECTION('',(1.,0.,-7.40148683083438E-17));
#3288=DIRECTION('center_axis',(0.,-1.,0.));
#3289=DIRECTION('ref_axis',(0.,0.,-1.));
#3290=DIRECTION('',(0.,0.,-1.));
#3291=DIRECTION('',(1.,0.,0.));
#3292=DIRECTION('',(0.,0.,1.));
#3293=DIRECTION('',(-1.,0.,0.));
#3294=DIRECTION('center_axis',(0.,0.,1.));
#3295=DIRECTION('ref_axis',(-1.,0.,0.));
#3296=DIRECTION('',(0.,-1.,0.));
#3297=DIRECTION('',(0.,-1.,0.));
#3298=DIRECTION('center_axis',(1.,0.,0.));
#3299=DIRECTION('ref_axis',(0.,0.,1.));
#3300=DIRECTION('',(0.,-1.,0.));
#3301=DIRECTION('center_axis',(0.,0.,-1.));
#3302=DIRECTION('ref_axis',(1.,0.,0.));
#3303=DIRECTION('',(0.,-1.,0.));
#3304=DIRECTION('center_axis',(-1.,0.,0.));
#3305=DIRECTION('ref_axis',(0.,0.,-1.));
#3306=DIRECTION('center_axis',(0.,-1.,0.));
#3307=DIRECTION('ref_axis',(-1.,0.,0.));
#3308=DIRECTION('',(0.,-1.,0.));
#3309=DIRECTION('center_axis',(0.,1.,0.));
#3310=DIRECTION('ref_axis',(-1.,0.,0.));
#3311=DIRECTION('center_axis',(0.,-1.,0.));
#3312=DIRECTION('ref_axis',(-1.,0.,0.));
#3313=DIRECTION('center_axis',(0.,-1.,0.));
#3314=DIRECTION('ref_axis',(-1.,0.,0.));
#3315=DIRECTION('',(0.,-1.,0.));
#3316=DIRECTION('center_axis',(0.,1.,0.));
#3317=DIRECTION('ref_axis',(-1.,0.,0.));
#3318=DIRECTION('center_axis',(0.,-1.,0.));
#3319=DIRECTION('ref_axis',(-1.,0.,0.));
#3320=DIRECTION('center_axis',(0.,-1.,0.));
#3321=DIRECTION('ref_axis',(-1.,0.,0.));
#3322=DIRECTION('',(0.,-1.,0.));
#3323=DIRECTION('center_axis',(0.,1.,0.));
#3324=DIRECTION('ref_axis',(-1.,0.,0.));
#3325=DIRECTION('center_axis',(0.,-1.,0.));
#3326=DIRECTION('ref_axis',(-1.,0.,0.));
#3327=DIRECTION('center_axis',(0.,-1.,0.));
#3328=DIRECTION('ref_axis',(-1.,0.,0.));
#3329=DIRECTION('',(0.,-1.,0.));
#3330=DIRECTION('center_axis',(0.,1.,0.));
#3331=DIRECTION('ref_axis',(-1.,0.,0.));
#3332=DIRECTION('center_axis',(0.,-1.,0.));
#3333=DIRECTION('ref_axis',(-1.,0.,0.));
#3334=DIRECTION('center_axis',(0.,-1.,0.));
#3335=DIRECTION('ref_axis',(-1.,0.,0.));
#3336=DIRECTION('',(0.,-1.,0.));
#3337=DIRECTION('center_axis',(0.,1.,0.));
#3338=DIRECTION('ref_axis',(-1.,0.,0.));
#3339=DIRECTION('center_axis',(1.,0.,0.));
#3340=DIRECTION('ref_axis',(0.,0.707106781186554,0.707106781186541));
#3341=DIRECTION('center_axis',(1.,0.,0.));
#3342=DIRECTION('ref_axis',(0.,1.,0.));
#3343=DIRECTION('',(1.,0.,0.));
#3344=DIRECTION('center_axis',(-1.,0.,8.88178419700128E-15));
#3345=DIRECTION('ref_axis',(8.88178419700128E-15,0.,1.));
#3346=DIRECTION('',(-1.,0.,0.));
#3347=DIRECTION('center_axis',(0.,0.,-1.));
#3348=DIRECTION('ref_axis',(0.707106781186541,0.707106781186554,0.));
#3349=DIRECTION('center_axis',(0.,0.,-1.));
#3350=DIRECTION('ref_axis',(0.,1.,0.));
#3351=DIRECTION('',(0.,0.,-1.));
#3352=DIRECTION('center_axis',(0.,0.,1.));
#3353=DIRECTION('ref_axis',(1.,0.,0.));
#3354=DIRECTION('',(0.,0.,1.));
#3355=DIRECTION('center_axis',(-0.816496580927728,0.408248290463861,0.408248290463861));
#3356=DIRECTION('ref_axis',(0.577350269189631,0.577350269189623,0.577350269189623));
#3357=DIRECTION('center_axis',(0.,1.,0.));
#3358=DIRECTION('ref_axis',(8.88178419700128E-15,0.,1.));
#3359=DIRECTION('center_axis',(-1.,0.,-3.92767579466447E-17));
#3360=DIRECTION('ref_axis',(0.,0.707106781186552,-0.707106781186543));
#3361=DIRECTION('center_axis',(-1.,0.,0.));
#3362=DIRECTION('ref_axis',(0.,1.,0.));
#3363=DIRECTION('',(-1.,0.,-3.92767579466447E-17));
#3364=DIRECTION('center_axis',(1.,0.,-8.88178419700123E-15));
#3365=DIRECTION('ref_axis',(-8.88178419700123E-15,0.,-1.));
#3366=DIRECTION('',(1.,0.,3.92767579466447E-17));
#3367=DIRECTION('center_axis',(-0.816496580927734,0.40824829046386,-0.40824829046385));
#3368=DIRECTION('ref_axis',(0.577350269189616,0.577350269189637,-0.577350269189624));
#3369=DIRECTION('center_axis',(0.,1.,0.));
#3370=DIRECTION('ref_axis',(1.,0.,4.71844785465697E-15));
#3371=DIRECTION('center_axis',(0.,0.,1.));
#3372=DIRECTION('ref_axis',(-0.707106781186541,0.707106781186554,0.));
#3373=DIRECTION('center_axis',(-1.38777878078145E-16,0.,1.));
#3374=DIRECTION('ref_axis',(0.,1.,0.));
#3375=DIRECTION('',(0.,0.,1.));
#3376=DIRECTION('center_axis',(0.,0.,-1.));
#3377=DIRECTION('ref_axis',(-1.,0.,0.));
#3378=DIRECTION('',(0.,0.,-1.));
#3379=DIRECTION('center_axis',(-0.816496580927723,-0.408248290463872,0.408248290463861));
#3380=DIRECTION('ref_axis',(-0.577350269189631,0.577350269189624,-0.577350269189623));
#3381=DIRECTION('center_axis',(0.,1.,0.));
#3382=DIRECTION('ref_axis',(-8.88178419700126E-15,0.,-1.));
#3383=DIRECTION('center_axis',(-0.816496580927738,-0.408248290463862,-0.408248290463841));
#3384=DIRECTION('ref_axis',(-0.577350269189609,0.577350269189652,0.577350269189616));
#3385=DIRECTION('center_axis',(0.,1.,0.));
#3386=DIRECTION('ref_axis',(-1.,0.,-1.77635683940029E-14));
#3387=DIRECTION('center_axis',(0.,1.,0.));
#3388=DIRECTION('ref_axis',(8.88178419700128E-15,0.,1.));
#3389=DIRECTION('',(0.,1.,0.));
#3390=DIRECTION('center_axis',(0.,1.,0.));
#3391=DIRECTION('ref_axis',(8.88178419700128E-15,0.,1.));
#3392=DIRECTION('',(0.,1.,0.));
#3393=DIRECTION('center_axis',(0.,0.,1.));
#3394=DIRECTION('ref_axis',(1.,0.,0.));
#3395=DIRECTION('',(0.,1.,0.));
#3396=DIRECTION('',(1.,0.,0.));
#3397=DIRECTION('center_axis',(0.,1.,0.));
#3398=DIRECTION('ref_axis',(-1.,0.,-1.77635683940029E-14));
#3399=DIRECTION('',(0.,1.,0.));
#3400=DIRECTION('center_axis',(0.,1.,0.));
#3401=DIRECTION('ref_axis',(-1.,0.,-1.77635683940029E-14));
#3402=DIRECTION('center_axis',(-1.,0.,0.));
#3403=DIRECTION('ref_axis',(0.,0.,1.));
#3404=DIRECTION('',(0.,1.,0.));
#3405=DIRECTION('',(0.,0.,1.));
#3406=DIRECTION('center_axis',(0.,1.,0.));
#3407=DIRECTION('ref_axis',(-1.,0.,0.));
#3408=DIRECTION('center_axis',(0.,1.,0.));
#3409=DIRECTION('ref_axis',(-8.88178419700126E-15,0.,-1.));
#3410=DIRECTION('',(0.,1.,0.));
#3411=DIRECTION('center_axis',(0.,1.,0.));
#3412=DIRECTION('ref_axis',(-8.88178419700126E-15,0.,-1.));
#3413=DIRECTION('center_axis',(3.92767579466447E-17,0.,-1.));
#3414=DIRECTION('ref_axis',(-1.,0.,-3.92767579466447E-17));
#3415=DIRECTION('',(0.,1.,0.));
#3416=DIRECTION('',(-1.,0.,-3.92767579466447E-17));
#3417=DIRECTION('center_axis',(0.,1.,0.));
#3418=DIRECTION('ref_axis',(1.,0.,4.71844785465697E-15));
#3419=DIRECTION('',(0.,1.,0.));
#3420=DIRECTION('center_axis',(0.,1.,0.));
#3421=DIRECTION('ref_axis',(1.,0.,4.71844785465697E-15));
#3422=DIRECTION('center_axis',(1.,0.,0.));
#3423=DIRECTION('ref_axis',(0.,0.,-1.));
#3424=DIRECTION('',(0.,0.,-1.));
#3425=DIRECTION('center_axis',(0.,1.,0.));
#3426=DIRECTION('ref_axis',(-1.,0.,0.));
#3427=CARTESIAN_POINT('',(0.,0.,0.));
#3428=CARTESIAN_POINT('Origin',(-49.,75.,5.));
#3429=CARTESIAN_POINT('',(-47.35,68.,5.));
#3430=CARTESIAN_POINT('Origin',(-49.,68.,5.));
#3431=CARTESIAN_POINT('',(-47.35,64.,5.));
#3432=CARTESIAN_POINT('',(-47.35,75.,5.));
#3433=CARTESIAN_POINT('Origin',(-49.,64.,5.));
#3434=CARTESIAN_POINT('Origin',(49.,75.,5.));
#3435=CARTESIAN_POINT('',(50.65,68.,5.));
#3436=CARTESIAN_POINT('Origin',(49.,68.,5.));
#3437=CARTESIAN_POINT('',(50.65,64.,5.));
#3438=CARTESIAN_POINT('',(50.65,75.,5.));
#3439=CARTESIAN_POINT('Origin',(49.,64.,5.));
#3440=CARTESIAN_POINT('Origin',(-49.,75.,45.));
#3441=CARTESIAN_POINT('',(-47.35,68.,45.));
#3442=CARTESIAN_POINT('Origin',(-49.,68.,45.));
#3443=CARTESIAN_POINT('',(-47.35,64.,45.));
#3444=CARTESIAN_POINT('',(-47.35,75.,45.));
#3445=CARTESIAN_POINT('Origin',(-49.,64.,45.));
#3446=CARTESIAN_POINT('Origin',(49.,75.,45.));
#3447=CARTESIAN_POINT('',(50.65,68.,45.));
#3448=CARTESIAN_POINT('Origin',(49.,68.,45.));
#3449=CARTESIAN_POINT('',(50.65,64.,45.));
#3450=CARTESIAN_POINT('',(50.65,75.,45.));
#3451=CARTESIAN_POINT('Origin',(49.,64.,45.));
#3452=CARTESIAN_POINT('Origin',(-49.,74.75,45.));
#3453=CARTESIAN_POINT('',(-46.05,75.,45.));
#3454=CARTESIAN_POINT('Origin',(-49.,75.,45.));
#3455=CARTESIAN_POINT('',(-46.55,74.5,45.));
#3456=CARTESIAN_POINT('',(-46.3,74.75,45.));
#3457=CARTESIAN_POINT('Origin',(-49.,74.5,45.));
#3458=CARTESIAN_POINT('Origin',(0.,75.,25.));
#3459=CARTESIAN_POINT('',(-53.,75.,50.));
#3460=CARTESIAN_POINT('',(-54.,75.,49.));
#3461=CARTESIAN_POINT('Origin',(-53.,75.,49.));
#3462=CARTESIAN_POINT('',(53.,75.,50.));
#3463=CARTESIAN_POINT('',(27.,75.,50.));
#3464=CARTESIAN_POINT('',(54.,75.,49.));
#3465=CARTESIAN_POINT('Origin',(53.,75.,49.));
#3466=CARTESIAN_POINT('',(54.,75.,1.));
#3467=CARTESIAN_POINT('',(54.,75.,12.5));
#3468=CARTESIAN_POINT('',(53.,75.,0.));
#3469=CARTESIAN_POINT('Origin',(53.,75.,1.));
#3470=CARTESIAN_POINT('',(-53.,75.,0.));
#3471=CARTESIAN_POINT('',(-27.,75.,0.));
#3472=CARTESIAN_POINT('',(-54.,75.,1.));
#3473=CARTESIAN_POINT('Origin',(-53.,75.,1.));
#3474=CARTESIAN_POINT('',(-54.,75.,37.5));
#3475=CARTESIAN_POINT('',(-46.05,75.,5.));
#3476=CARTESIAN_POINT('Origin',(-49.,75.,5.));
#3477=CARTESIAN_POINT('',(51.95,75.,45.));
#3478=CARTESIAN_POINT('Origin',(49.,75.,45.));
#3479=CARTESIAN_POINT('',(-45.5,75.,40.));
#3480=CARTESIAN_POINT('',(-44.,75.,41.5));
#3481=CARTESIAN_POINT('Origin',(-45.5,75.,41.5));
#3482=CARTESIAN_POINT('',(-51.,75.,40.));
#3483=CARTESIAN_POINT('',(-44.,75.,40.));
#3484=CARTESIAN_POINT('',(-51.,75.,10.));
#3485=CARTESIAN_POINT('',(-51.,75.,14.));
#3486=CARTESIAN_POINT('',(-45.5,75.,10.));
#3487=CARTESIAN_POINT('',(-44.,75.,10.));
#3488=CARTESIAN_POINT('',(-44.,75.,8.5));
#3489=CARTESIAN_POINT('Origin',(-45.5,75.,8.5));
#3490=CARTESIAN_POINT('',(-44.,75.,3.));
#3491=CARTESIAN_POINT('',(-44.,75.,-8.13346034387137E-17));
#3492=CARTESIAN_POINT('',(44.,75.,3.));
#3493=CARTESIAN_POINT('',(25.5,75.,3.));
#3494=CARTESIAN_POINT('',(44.,75.,8.5));
#3495=CARTESIAN_POINT('',(44.,75.,8.13346034387142E-17));
#3496=CARTESIAN_POINT('',(45.5,75.,10.));
#3497=CARTESIAN_POINT('Origin',(45.5,75.,8.5));
#3498=CARTESIAN_POINT('',(51.,75.,10.));
#3499=CARTESIAN_POINT('',(44.,75.,10.));
#3500=CARTESIAN_POINT('',(51.,75.,40.));
#3501=CARTESIAN_POINT('',(51.,75.,36.));
#3502=CARTESIAN_POINT('',(45.5,75.,40.));
#3503=CARTESIAN_POINT('',(44.,75.,40.));
#3504=CARTESIAN_POINT('',(44.,75.,41.5));
#3505=CARTESIAN_POINT('Origin',(45.5,75.,41.5));
#3506=CARTESIAN_POINT('',(44.,75.,47.));
#3507=CARTESIAN_POINT('',(44.,75.,50.));
#3508=CARTESIAN_POINT('',(-44.,75.,47.));
#3509=CARTESIAN_POINT('',(-25.5,75.,47.));
#3510=CARTESIAN_POINT('',(-44.,75.,50.));
#3511=CARTESIAN_POINT('',(51.95,75.,5.));
#3512=CARTESIAN_POINT('Origin',(49.,75.,5.));
#3513=CARTESIAN_POINT('Origin',(-49.,75.,45.));
#3514=CARTESIAN_POINT('',(-46.55,68.,45.));
#3515=CARTESIAN_POINT('',(-46.55,75.,45.));
#3516=CARTESIAN_POINT('Origin',(-49.,68.,45.));
#3517=CARTESIAN_POINT('Origin',(-49.,74.75,5.));
#3518=CARTESIAN_POINT('',(-46.55,74.5,5.));
#3519=CARTESIAN_POINT('',(-46.3,74.75,5.));
#3520=CARTESIAN_POINT('Origin',(-49.,74.5,5.));
#3521=CARTESIAN_POINT('Origin',(-49.,75.,5.));
#3522=CARTESIAN_POINT('',(-46.55,68.,5.));
#3523=CARTESIAN_POINT('',(-46.55,75.,5.));
#3524=CARTESIAN_POINT('Origin',(-49.,68.,5.));
#3525=CARTESIAN_POINT('Origin',(49.,74.75,5.));
#3526=CARTESIAN_POINT('',(51.45,74.5,5.));
#3527=CARTESIAN_POINT('',(51.7,74.75,5.));
#3528=CARTESIAN_POINT('Origin',(49.,74.5,5.));
#3529=CARTESIAN_POINT('Origin',(49.,75.,5.));
#3530=CARTESIAN_POINT('',(51.45,68.,5.));
#3531=CARTESIAN_POINT('',(51.45,75.,5.));
#3532=CARTESIAN_POINT('Origin',(49.,68.,5.));
#3533=CARTESIAN_POINT('Origin',(49.,74.75,45.));
#3534=CARTESIAN_POINT('',(51.45,74.5,45.));
#3535=CARTESIAN_POINT('',(51.7,74.75,45.));
#3536=CARTESIAN_POINT('Origin',(49.,74.5,45.));
#3537=CARTESIAN_POINT('Origin',(49.,75.,45.));
#3538=CARTESIAN_POINT('',(51.45,68.,45.));
#3539=CARTESIAN_POINT('',(51.45,75.,45.));
#3540=CARTESIAN_POINT('Origin',(49.,68.,45.));
#3541=CARTESIAN_POINT('Origin',(53.,1.,37.5));
#3542=CARTESIAN_POINT('',(54.,1.,49.));
#3543=CARTESIAN_POINT('',(53.,0.,49.));
#3544=CARTESIAN_POINT('Origin',(53.,1.,49.));
#3545=CARTESIAN_POINT('',(53.,0.,1.));
#3546=CARTESIAN_POINT('',(53.,0.,37.5));
#3547=CARTESIAN_POINT('',(54.,1.,1.));
#3548=CARTESIAN_POINT('Origin',(53.,1.,1.));
#3549=CARTESIAN_POINT('',(54.,1.,37.5));
#3550=CARTESIAN_POINT('Origin',(27.,1.,1.));
#3551=CARTESIAN_POINT('',(53.,1.,0.));
#3552=CARTESIAN_POINT('Origin',(53.,1.,1.));
#3553=CARTESIAN_POINT('',(-53.,0.,1.));
#3554=CARTESIAN_POINT('',(27.,0.,1.));
#3555=CARTESIAN_POINT('',(-53.,1.,0.));
#3556=CARTESIAN_POINT('Origin',(-53.,1.,1.));
#3557=CARTESIAN_POINT('',(27.,1.,0.));
#3558=CARTESIAN_POINT('Origin',(53.,1.,1.));
#3559=CARTESIAN_POINT('Origin',(53.,1.,1.));
#3560=CARTESIAN_POINT('Origin',(-53.,1.,12.5));
#3561=CARTESIAN_POINT('',(-54.,1.,1.));
#3562=CARTESIAN_POINT('Origin',(-53.,1.,1.));
#3563=CARTESIAN_POINT('',(-53.,0.,49.));
#3564=CARTESIAN_POINT('',(-53.,0.,12.5));
#3565=CARTESIAN_POINT('',(-54.,1.,49.));
#3566=CARTESIAN_POINT('Origin',(-53.,1.,49.));
#3567=CARTESIAN_POINT('',(-54.,1.,12.5));
#3568=CARTESIAN_POINT('Origin',(-53.,1.,1.));
#3569=CARTESIAN_POINT('Origin',(-53.,1.,1.));
#3570=CARTESIAN_POINT('Origin',(-27.,1.,49.));
#3571=CARTESIAN_POINT('',(-53.,1.,50.));
#3572=CARTESIAN_POINT('Origin',(-53.,1.,49.));
#3573=CARTESIAN_POINT('',(-27.,0.,49.));
#3574=CARTESIAN_POINT('',(53.,1.,50.));
#3575=CARTESIAN_POINT('Origin',(53.,1.,49.));
#3576=CARTESIAN_POINT('',(-27.,1.,50.));
#3577=CARTESIAN_POINT('Origin',(-53.,1.,49.));
#3578=CARTESIAN_POINT('Origin',(-53.,1.,49.));
#3579=CARTESIAN_POINT('Origin',(53.,1.,49.));
#3580=CARTESIAN_POINT('Origin',(53.,1.,49.));
#3581=CARTESIAN_POINT('Origin',(-53.,0.,1.));
#3582=CARTESIAN_POINT('',(-54.,0.,1.));
#3583=CARTESIAN_POINT('',(-53.,0.,0.));
#3584=CARTESIAN_POINT('Origin',(-54.,0.,0.));
#3585=CARTESIAN_POINT('',(-54.,0.,49.));
#3586=CARTESIAN_POINT('Origin',(-53.,0.,49.));
#3587=CARTESIAN_POINT('',(-53.,0.,50.));
#3588=CARTESIAN_POINT('Origin',(-54.,0.,50.));
#3589=CARTESIAN_POINT('',(53.,0.,50.));
#3590=CARTESIAN_POINT('Origin',(0.,0.,25.));
#3591=CARTESIAN_POINT('',(34.8999999999961,0.,35.));
#3592=CARTESIAN_POINT('Origin',(41.7499999999961,0.,35.));
#3593=CARTESIAN_POINT('',(29.5,0.,42.75));
#3594=CARTESIAN_POINT('',(29.5,0.,7.24999999999994));
#3595=CARTESIAN_POINT('',(29.5,0.,33.875));
#3596=CARTESIAN_POINT('',(25.5,0.,3.24999999999996));
#3597=CARTESIAN_POINT('Origin',(25.5,0.,7.24999999999994));
#3598=CARTESIAN_POINT('',(-46.,0.,3.24999999999997));
#3599=CARTESIAN_POINT('',(12.75,0.,3.24999999999997));
#3600=CARTESIAN_POINT('',(-50.,0.,7.24999999999999));
#3601=CARTESIAN_POINT('Origin',(-46.,0.,7.24999999999999));
#3602=CARTESIAN_POINT('',(-50.,0.,42.7499999999999));
#3603=CARTESIAN_POINT('',(-50.,0.,16.125));
#3604=CARTESIAN_POINT('',(-46.,0.,46.75));
#3605=CARTESIAN_POINT('Origin',(-46.,0.,42.7499999999999));
#3606=CARTESIAN_POINT('',(25.5,0.,46.75));
#3607=CARTESIAN_POINT('',(-23.,0.,46.75));
#3608=CARTESIAN_POINT('Origin',(25.5,0.,42.75));
#3609=CARTESIAN_POINT('',(34.8999999999961,0.,15.));
#3610=CARTESIAN_POINT('Origin',(41.7499999999961,0.,15.));
#3611=CARTESIAN_POINT('Origin',(54.,0.,0.));
#3612=CARTESIAN_POINT('',(53.,0.,0.));
#3613=CARTESIAN_POINT('Origin',(53.,0.,1.));
#3614=CARTESIAN_POINT('',(54.,0.,1.));
#3615=CARTESIAN_POINT('Origin',(54.,0.,50.));
#3616=CARTESIAN_POINT('',(54.,0.,49.));
#3617=CARTESIAN_POINT('Origin',(53.,0.,49.));
#3618=CARTESIAN_POINT('Origin',(-45.5,75.,41.5));
#3619=CARTESIAN_POINT('',(-44.,64.,41.5));
#3620=CARTESIAN_POINT('',(-45.5,64.,40.));
#3621=CARTESIAN_POINT('Origin',(-45.5,64.,41.5));
#3622=CARTESIAN_POINT('',(-45.5,75.,40.));
#3623=CARTESIAN_POINT('',(-44.,75.,41.5));
#3624=CARTESIAN_POINT('Origin',(-44.,75.,40.));
#3625=CARTESIAN_POINT('',(-44.,64.,47.));
#3626=CARTESIAN_POINT('',(-44.,37.5,47.));
#3627=CARTESIAN_POINT('',(-44.,64.,50.));
#3628=CARTESIAN_POINT('Origin',(-45.5,75.,8.5));
#3629=CARTESIAN_POINT('',(-45.5,64.,10.));
#3630=CARTESIAN_POINT('',(-44.,64.,8.5));
#3631=CARTESIAN_POINT('Origin',(-45.5,64.,8.5));
#3632=CARTESIAN_POINT('',(-44.,75.,8.5));
#3633=CARTESIAN_POINT('',(-45.5,75.,10.));
#3634=CARTESIAN_POINT('Origin',(-44.,75.,10.));
#3635=CARTESIAN_POINT('',(-51.,64.,10.));
#3636=CARTESIAN_POINT('',(-51.,37.5,10.));
#3637=CARTESIAN_POINT('',(-44.,64.,10.));
#3638=CARTESIAN_POINT('Origin',(45.5,75.,8.5));
#3639=CARTESIAN_POINT('',(44.,64.,8.5));
#3640=CARTESIAN_POINT('',(45.5,64.,10.));
#3641=CARTESIAN_POINT('Origin',(45.5,64.,8.5));
#3642=CARTESIAN_POINT('',(45.5,75.,10.));
#3643=CARTESIAN_POINT('',(44.,75.,8.5));
#3644=CARTESIAN_POINT('Origin',(44.,75.,10.));
#3645=CARTESIAN_POINT('',(44.,64.,3.));
#3646=CARTESIAN_POINT('',(44.,37.5,3.));
#3647=CARTESIAN_POINT('',(44.,64.,8.13346034387142E-17));
#3648=CARTESIAN_POINT('Origin',(45.5,75.,41.5));
#3649=CARTESIAN_POINT('',(45.5,64.,40.));
#3650=CARTESIAN_POINT('',(44.,64.,41.5));
#3651=CARTESIAN_POINT('Origin',(45.5,64.,41.5));
#3652=CARTESIAN_POINT('',(44.,75.,41.5));
#3653=CARTESIAN_POINT('',(45.5,75.,40.));
#3654=CARTESIAN_POINT('Origin',(44.,75.,47.));
#3655=CARTESIAN_POINT('',(44.,64.,47.));
#3656=CARTESIAN_POINT('',(44.,64.,50.));
#3657=CARTESIAN_POINT('',(44.,37.5,47.));
#3658=CARTESIAN_POINT('Origin',(49.,68.,5.));
#3659=CARTESIAN_POINT('Origin',(-49.,68.,5.));
#3660=CARTESIAN_POINT('Origin',(49.,68.,45.));
#3661=CARTESIAN_POINT('Origin',(-49.,68.,45.));
#3662=CARTESIAN_POINT('Origin',(-44.,75.,3.));
#3663=CARTESIAN_POINT('',(-44.,64.,3.));
#3664=CARTESIAN_POINT('',(-44.,64.,-8.13346034387137E-17));
#3665=CARTESIAN_POINT('',(-44.,37.5,3.));
#3666=CARTESIAN_POINT('Origin',(-47.5,64.,6.5));
#3667=CARTESIAN_POINT('',(-51.,64.,3.));
#3668=CARTESIAN_POINT('',(-51.,64.,26.75));
#3669=CARTESIAN_POINT('',(-49.25,64.,3.));
#3670=CARTESIAN_POINT('Origin',(-51.,0.,3.));
#3671=CARTESIAN_POINT('',(-51.,3.25,3.));
#3672=CARTESIAN_POINT('',(-51.,0.,3.));
#3673=CARTESIAN_POINT('',(-48.6339134665003,3.25,3.));
#3674=CARTESIAN_POINT('',(-25.5,3.25,3.));
#3675=CARTESIAN_POINT('',(-48.6339134665003,4.8,3.));
#3676=CARTESIAN_POINT('',(-48.6339134665003,3.25,3.));
#3677=CARTESIAN_POINT('',(28.1339134665004,4.8,3.));
#3678=CARTESIAN_POINT('',(-25.5,4.8,3.));
#3679=CARTESIAN_POINT('',(28.1339134665004,3.25,3.));
#3680=CARTESIAN_POINT('',(28.1339134665004,3.25,3.));
#3681=CARTESIAN_POINT('',(51.,3.25,3.));
#3682=CARTESIAN_POINT('',(-25.5,3.25,3.));
#3683=CARTESIAN_POINT('',(51.,64.,3.));
#3684=CARTESIAN_POINT('',(51.,0.,3.));
#3685=CARTESIAN_POINT('',(-1.74999999999999,64.,3.));
#3686=CARTESIAN_POINT('Origin',(-51.,75.,40.));
#3687=CARTESIAN_POINT('',(-51.,64.,40.));
#3688=CARTESIAN_POINT('',(-44.,64.,40.));
#3689=CARTESIAN_POINT('',(-51.,37.5,40.));
#3690=CARTESIAN_POINT('Origin',(-47.5,64.,43.5));
#3691=CARTESIAN_POINT('',(-51.,64.,47.));
#3692=CARTESIAN_POINT('',(1.74999999999998,64.,47.));
#3693=CARTESIAN_POINT('',(-51.,64.,45.25));
#3694=CARTESIAN_POINT('Origin',(-51.,0.,47.));
#3695=CARTESIAN_POINT('',(-51.,3.25,47.));
#3696=CARTESIAN_POINT('',(-51.,0.,47.));
#3697=CARTESIAN_POINT('',(-51.0000000149012,3.25,42.7499999999999));
#3698=CARTESIAN_POINT('',(-51.,3.25,36.));
#3699=CARTESIAN_POINT('',(-51.0000000149012,4.8,42.7499999999999));
#3700=CARTESIAN_POINT('',(-51.0000000149012,3.25,42.7499999999999));
#3701=CARTESIAN_POINT('',(-51.0000000149012,4.8,7.24999999999999));
#3702=CARTESIAN_POINT('',(-51.0000000149012,4.8,33.875));
#3703=CARTESIAN_POINT('',(-51.0000000149012,3.25,7.24999999999999));
#3704=CARTESIAN_POINT('',(-51.0000000149012,3.25,7.24999999999999));
#3705=CARTESIAN_POINT('',(-51.,3.25,36.));
#3706=CARTESIAN_POINT('Origin',(44.,75.,40.));
#3707=CARTESIAN_POINT('',(51.,64.,40.));
#3708=CARTESIAN_POINT('',(51.,37.5,40.));
#3709=CARTESIAN_POINT('',(44.,64.,40.));
#3710=CARTESIAN_POINT('Origin',(47.5,64.,43.5));
#3711=CARTESIAN_POINT('',(51.,64.,47.));
#3712=CARTESIAN_POINT('',(51.,64.,23.25));
#3713=CARTESIAN_POINT('',(49.25,64.,47.));
#3714=CARTESIAN_POINT('Origin',(51.,0.,47.));
#3715=CARTESIAN_POINT('',(51.,3.25,47.));
#3716=CARTESIAN_POINT('',(51.,0.,47.));
#3717=CARTESIAN_POINT('',(28.1339134665002,3.25,47.));
#3718=CARTESIAN_POINT('',(25.5,3.25,47.));
#3719=CARTESIAN_POINT('',(28.1339134665002,4.8,47.));
#3720=CARTESIAN_POINT('',(28.1339134665002,3.25,47.));
#3721=CARTESIAN_POINT('',(-48.6339134665002,4.8,47.));
#3722=CARTESIAN_POINT('',(25.5,4.8,47.));
#3723=CARTESIAN_POINT('',(-48.6339134665002,3.25,47.));
#3724=CARTESIAN_POINT('',(-48.6339134665002,3.25,47.));
#3725=CARTESIAN_POINT('',(25.5,3.25,47.));
#3726=CARTESIAN_POINT('Origin',(51.,75.,10.));
#3727=CARTESIAN_POINT('',(51.,64.,10.));
#3728=CARTESIAN_POINT('',(44.,64.,10.));
#3729=CARTESIAN_POINT('',(51.,37.5,10.));
#3730=CARTESIAN_POINT('Origin',(47.5,64.,6.5));
#3731=CARTESIAN_POINT('',(51.,64.,4.75));
#3732=CARTESIAN_POINT('Origin',(51.,0.,3.));
#3733=CARTESIAN_POINT('',(51.,3.25,14.));
#3734=CARTESIAN_POINT('Origin',(0.,3.25,25.));
#3735=CARTESIAN_POINT('Origin',(-46.,3.25,42.7499999999999));
#3736=CARTESIAN_POINT('Origin',(0.,3.25,25.));
#3737=CARTESIAN_POINT('',(30.5000000149012,3.25,7.24999999999994));
#3738=CARTESIAN_POINT('Origin',(25.5,3.25,7.24999999999994));
#3739=CARTESIAN_POINT('',(30.5000000149012,3.25,42.75));
#3740=CARTESIAN_POINT('',(30.5000000149012,3.25,42.75));
#3741=CARTESIAN_POINT('Origin',(25.5,3.25,42.75));
#3742=CARTESIAN_POINT('',(35.3999999999961,3.25,15.));
#3743=CARTESIAN_POINT('Origin',(41.7499999999961,3.25,15.));
#3744=CARTESIAN_POINT('',(35.3999999999961,3.25,35.));
#3745=CARTESIAN_POINT('Origin',(41.7499999999961,3.25,35.));
#3746=CARTESIAN_POINT('Origin',(0.,3.25,25.));
#3747=CARTESIAN_POINT('Origin',(-46.,3.25,7.24999999999999));
#3748=CARTESIAN_POINT('Origin',(-46.,3.25,42.7499999999999));
#3749=CARTESIAN_POINT('Origin',(-46.,4.8,42.7499999999999));
#3750=CARTESIAN_POINT('Origin',(41.7499999999961,0.25,15.));
#3751=CARTESIAN_POINT('',(35.3999999999961,0.5,15.));
#3752=CARTESIAN_POINT('Origin',(41.7499999999961,0.5,15.));
#3753=CARTESIAN_POINT('',(35.1499999999961,0.25,15.));
#3754=CARTESIAN_POINT('Origin',(41.7499999999961,0.,15.));
#3755=CARTESIAN_POINT('',(35.3999999999961,0.,15.));
#3756=CARTESIAN_POINT('Origin',(41.7499999999961,0.25,35.));
#3757=CARTESIAN_POINT('',(35.3999999999961,0.5,35.));
#3758=CARTESIAN_POINT('Origin',(41.7499999999961,0.5,35.));
#3759=CARTESIAN_POINT('',(35.1499999999961,0.25,35.));
#3760=CARTESIAN_POINT('Origin',(41.7499999999961,0.,35.));
#3761=CARTESIAN_POINT('',(35.3999999999961,0.,35.));
#3762=CARTESIAN_POINT('Origin',(-48.5,2.75,27.9999999999815));
#3763=CARTESIAN_POINT('',(-48.25,3.,30.9999999999629));
#3764=CARTESIAN_POINT('',(-48.75,2.5,30.9999999999629));
#3765=CARTESIAN_POINT('',(-48.75,2.5,30.9999999999629));
#3766=CARTESIAN_POINT('',(-48.75,2.5,18.9999999999632));
#3767=CARTESIAN_POINT('',(-48.75,2.5,27.9999999999815));
#3768=CARTESIAN_POINT('',(-48.25,3.,18.9999999999632));
#3769=CARTESIAN_POINT('',(-49.225,2.025,18.9999999999632));
#3770=CARTESIAN_POINT('',(-48.25,3.,27.9999999999815));
#3771=CARTESIAN_POINT('Origin',(-10.25,2.5,25.));
#3772=CARTESIAN_POINT('',(29.5,2.5,7.24999999999994));
#3773=CARTESIAN_POINT('',(25.5,2.5,3.24999999999997));
#3774=CARTESIAN_POINT('Origin',(25.5,2.5,7.24999999999994));
#3775=CARTESIAN_POINT('',(29.5,2.5,42.75));
#3776=CARTESIAN_POINT('',(29.5,2.5,42.75));
#3777=CARTESIAN_POINT('',(25.5,2.5,46.75));
#3778=CARTESIAN_POINT('Origin',(25.5,2.5,42.75));
#3779=CARTESIAN_POINT('',(-46.,2.5,46.75));
#3780=CARTESIAN_POINT('',(-46.,2.5,46.75));
#3781=CARTESIAN_POINT('',(-50.,2.5,42.7499999999999));
#3782=CARTESIAN_POINT('Origin',(-46.,2.5,42.7499999999999));
#3783=CARTESIAN_POINT('',(-50.,2.5,7.24999999999999));
#3784=CARTESIAN_POINT('',(-50.,2.5,7.24999999999999));
#3785=CARTESIAN_POINT('',(-46.,2.5,3.24999999999997));
#3786=CARTESIAN_POINT('Origin',(-46.,2.5,7.24999999999999));
#3787=CARTESIAN_POINT('',(25.5,2.5,3.24999999999997));
#3788=CARTESIAN_POINT('',(-46.75,2.5,18.9999999999632));
#3789=CARTESIAN_POINT('',(-29.45,2.5,18.9999999999632));
#3790=CARTESIAN_POINT('',(-46.75,2.5,30.9999999999629));
#3791=CARTESIAN_POINT('',(-28.5,2.5,30.9999999999629));
#3792=CARTESIAN_POINT('',(-46.75,2.5,45.));
#3793=CARTESIAN_POINT('',(-46.75,2.5,35.));
#3794=CARTESIAN_POINT('',(26.25,2.5,45.));
#3795=CARTESIAN_POINT('',(8.,2.5,45.));
#3796=CARTESIAN_POINT('',(26.25,2.5,30.9999999999628));
#3797=CARTESIAN_POINT('',(26.25,2.5,27.9999999999814));
#3798=CARTESIAN_POINT('',(28.2499999999999,2.5,30.9999999999628));
#3799=CARTESIAN_POINT('',(8.94999999999996,2.5,30.9999999999628));
#3800=CARTESIAN_POINT('',(28.2499999999999,2.5,18.999999999963));
#3801=CARTESIAN_POINT('',(28.2499999999999,2.5,21.9999999999815));
#3802=CARTESIAN_POINT('',(26.2499999999999,2.5,18.999999999963));
#3803=CARTESIAN_POINT('',(7.99999999999996,2.5,18.999999999963));
#3804=CARTESIAN_POINT('',(26.25,2.5,4.99999999999996));
#3805=CARTESIAN_POINT('',(26.25,2.5,15.));
#3806=CARTESIAN_POINT('',(-46.75,2.5,4.99999999999996));
#3807=CARTESIAN_POINT('',(-28.5,2.5,4.99999999999996));
#3808=CARTESIAN_POINT('',(-46.75,2.5,21.9999999999816));
#3809=CARTESIAN_POINT('Origin',(27.9999999999999,2.75,21.9999999999815));
#3810=CARTESIAN_POINT('',(27.7499999999999,3.,18.999999999963));
#3811=CARTESIAN_POINT('',(28.2499999999999,2.49999999999998,18.999999999963));
#3812=CARTESIAN_POINT('',(27.7499999999999,3.,30.9999999999628));
#3813=CARTESIAN_POINT('',(28.7249999999999,2.025,30.9999999999628));
#3814=CARTESIAN_POINT('',(27.7499999999999,3.,21.9999999999815));
#3815=CARTESIAN_POINT('Origin',(-48.25,2.5,30.9999999999629));
#3816=CARTESIAN_POINT('',(-48.25,3.85,18.9999999999632));
#3817=CARTESIAN_POINT('',(-48.25,1.25,18.9999999999632));
#3818=CARTESIAN_POINT('',(-48.25,3.85,30.9999999999629));
#3819=CARTESIAN_POINT('',(-48.25,3.85,27.999999999963));
#3820=CARTESIAN_POINT('',(-48.25,1.25,30.9999999999629));
#3821=CARTESIAN_POINT('Origin',(-10.2500000000001,3.85,24.999999999963));
#3822=CARTESIAN_POINT('',(-48.65,3.85,30.9999999999629));
#3823=CARTESIAN_POINT('',(-48.65,3.85,18.9999999999632));
#3824=CARTESIAN_POINT('',(-48.65,3.85,27.999999999963));
#3825=CARTESIAN_POINT('',(-28.5,3.85,30.9999999999629));
#3826=CARTESIAN_POINT('',(-29.4500000000001,3.85,18.9999999999632));
#3827=CARTESIAN_POINT('Origin',(27.7499999999999,2.5,18.9999999999631));
#3828=CARTESIAN_POINT('',(27.7499999999999,3.85,30.9999999999628));
#3829=CARTESIAN_POINT('',(27.7499999999999,1.25,30.9999999999628));
#3830=CARTESIAN_POINT('',(27.7499999999999,3.85,18.9999999999631));
#3831=CARTESIAN_POINT('',(27.7499999999999,3.85,21.999999999963));
#3832=CARTESIAN_POINT('',(27.7499999999999,1.25,18.999999999963));
#3833=CARTESIAN_POINT('Origin',(-10.2500000000001,3.85,24.999999999963));
#3834=CARTESIAN_POINT('',(28.1499999999999,3.85,30.9999999999628));
#3835=CARTESIAN_POINT('',(8.94999999999994,3.85,30.9999999999628));
#3836=CARTESIAN_POINT('',(28.1499999999999,3.85,18.999999999963));
#3837=CARTESIAN_POINT('',(28.1499999999999,3.85,21.999999999963));
#3838=CARTESIAN_POINT('',(7.99999999999994,3.85,18.999999999963));
#3839=CARTESIAN_POINT('Origin',(26.2499999999999,0.,18.999999999963));
#3840=CARTESIAN_POINT('',(28.1499999999999,4.8,18.999999999963));
#3841=CARTESIAN_POINT('',(28.1499999999999,0.,18.999999999963));
#3842=CARTESIAN_POINT('',(26.2499999999999,4.8,18.999999999963));
#3843=CARTESIAN_POINT('',(28.1499999999999,4.8,18.999999999963));
#3844=CARTESIAN_POINT('',(26.2499999999999,0.,18.999999999963));
#3845=CARTESIAN_POINT('Origin',(28.1499999999999,0.,18.999999999963));
#3846=CARTESIAN_POINT('',(28.1499999999999,4.8,30.9999999999628));
#3847=CARTESIAN_POINT('',(28.1499999999999,0.,30.9999999999628));
#3848=CARTESIAN_POINT('',(28.1499999999999,4.8,30.9999999999628));
#3849=CARTESIAN_POINT('Origin',(28.1499999999999,0.,30.9999999999628));
#3850=CARTESIAN_POINT('',(26.25,4.8,30.9999999999628));
#3851=CARTESIAN_POINT('',(26.25,0.,30.9999999999628));
#3852=CARTESIAN_POINT('',(26.25,4.8,30.9999999999628));
#3853=CARTESIAN_POINT('Origin',(25.5,3.25,42.75));
#3854=CARTESIAN_POINT('',(30.5000000149012,4.8,42.75));
#3855=CARTESIAN_POINT('',(30.5000000149012,3.25,42.75));
#3856=CARTESIAN_POINT('Origin',(25.5,4.8,42.75));
#3857=CARTESIAN_POINT('Origin',(30.5000000149012,3.25,7.24999999999994));
#3858=CARTESIAN_POINT('',(30.5000000149012,4.8,7.24999999999994));
#3859=CARTESIAN_POINT('',(30.5000000149012,4.8,16.125));
#3860=CARTESIAN_POINT('',(30.5000000149012,3.25,7.24999999999994));
#3861=CARTESIAN_POINT('Origin',(25.5,3.25,7.24999999999994));
#3862=CARTESIAN_POINT('Origin',(25.5,4.8,7.24999999999994));
#3863=CARTESIAN_POINT('Origin',(-46.,3.25,7.24999999999999));
#3864=CARTESIAN_POINT('Origin',(-46.,4.8,7.24999999999999));
#3865=CARTESIAN_POINT('Origin',(29.5,0.,42.75));
#3866=CARTESIAN_POINT('',(29.5,0.,42.75));
#3867=CARTESIAN_POINT('',(29.5,0.,7.24999999999994));
#3868=CARTESIAN_POINT('Origin',(25.5,0.,42.75));
#3869=CARTESIAN_POINT('',(25.5,0.,46.75));
#3870=CARTESIAN_POINT('Origin',(-46.,0.,46.75));
#3871=CARTESIAN_POINT('',(-46.,0.,46.75));
#3872=CARTESIAN_POINT('Origin',(-46.,0.,42.7499999999999));
#3873=CARTESIAN_POINT('',(-50.,0.,42.7499999999999));
#3874=CARTESIAN_POINT('Origin',(-50.,0.,7.24999999999999));
#3875=CARTESIAN_POINT('',(-50.,0.,7.24999999999999));
#3876=CARTESIAN_POINT('Origin',(-46.,0.,7.24999999999999));
#3877=CARTESIAN_POINT('',(-46.,0.,3.24999999999997));
#3878=CARTESIAN_POINT('Origin',(25.5,0.,3.24999999999997));
#3879=CARTESIAN_POINT('',(25.5,0.,3.24999999999996));
#3880=CARTESIAN_POINT('Origin',(25.5,0.,7.24999999999994));
#3881=CARTESIAN_POINT('Origin',(26.25,0.,30.9999999999628));
#3882=CARTESIAN_POINT('',(26.25,4.8,45.));
#3883=CARTESIAN_POINT('',(26.25,0.,45.));
#3884=CARTESIAN_POINT('',(26.25,4.8,45.));
#3885=CARTESIAN_POINT('Origin',(26.25,0.,45.));
#3886=CARTESIAN_POINT('',(-46.75,4.8,45.));
#3887=CARTESIAN_POINT('',(-46.75,0.,45.));
#3888=CARTESIAN_POINT('',(-46.75,4.8,45.));
#3889=CARTESIAN_POINT('Origin',(-46.75,0.,45.));
#3890=CARTESIAN_POINT('',(-46.75,4.8,30.9999999999629));
#3891=CARTESIAN_POINT('',(-46.75,0.,30.9999999999629));
#3892=CARTESIAN_POINT('',(-46.75,4.8,4.99999999999996));
#3893=CARTESIAN_POINT('Origin',(26.25,0.,4.99999999999996));
#3894=CARTESIAN_POINT('',(26.25,4.8,4.99999999999997));
#3895=CARTESIAN_POINT('',(26.25,4.8,45.));
#3896=CARTESIAN_POINT('',(26.25,0.,4.99999999999997));
#3897=CARTESIAN_POINT('Origin',(-46.75,0.,4.99999999999996));
#3898=CARTESIAN_POINT('',(-46.75,4.8,4.99999999999996));
#3899=CARTESIAN_POINT('',(26.25,4.8,4.99999999999997));
#3900=CARTESIAN_POINT('',(-46.75,0.,4.99999999999996));
#3901=CARTESIAN_POINT('Origin',(-46.75,0.,18.9999999999632));
#3902=CARTESIAN_POINT('',(-46.75,4.8,18.9999999999632));
#3903=CARTESIAN_POINT('',(-46.75,4.8,4.99999999999996));
#3904=CARTESIAN_POINT('',(-46.75,0.,18.9999999999632));
#3905=CARTESIAN_POINT('Origin',(-48.65,0.,18.9999999999632));
#3906=CARTESIAN_POINT('',(-48.65,4.8,18.9999999999632));
#3907=CARTESIAN_POINT('',(-48.65,4.8,18.9999999999632));
#3908=CARTESIAN_POINT('',(-48.65,0.,18.9999999999632));
#3909=CARTESIAN_POINT('Origin',(-48.65,0.,30.9999999999629));
#3910=CARTESIAN_POINT('',(-48.65,4.8,30.9999999999629));
#3911=CARTESIAN_POINT('',(-48.65,4.8,30.9999999999629));
#3912=CARTESIAN_POINT('',(-48.65,0.,30.9999999999629));
#3913=CARTESIAN_POINT('Origin',(-46.75,0.,30.9999999999629));
#3914=CARTESIAN_POINT('',(-46.75,4.8,30.9999999999629));
#3915=CARTESIAN_POINT('Origin',(0.,4.8,25.));
#3916=CARTESIAN_POINT('Origin',(15.05,78.,15.04999984355));
#3917=CARTESIAN_POINT('',(22.05,78.,15.04999984355));
#3918=CARTESIAN_POINT('Origin',(15.05,78.,15.04999984355));
#3919=CARTESIAN_POINT('',(22.05,76.,15.04999984355));
#3920=CARTESIAN_POINT('',(22.05,78.,15.04999984355));
#3921=CARTESIAN_POINT('Origin',(15.05,76.,15.04999984355));
#3922=CARTESIAN_POINT('Origin',(15.05,76.,15.04999984355));
#3923=CARTESIAN_POINT('',(21.05,76.,15.04999984355));
#3924=CARTESIAN_POINT('Origin',(15.05,76.,15.04999984355));
#3925=CARTESIAN_POINT('Origin',(41.,75.,29.05000015645));
#3926=CARTESIAN_POINT('',(28.1,73.,29.05000015645));
#3927=CARTESIAN_POINT('',(41.,73.,29.05000015645));
#3928=CARTESIAN_POINT('',(37.775,73.,29.05000015645));
#3929=CARTESIAN_POINT('',(28.1,75.,29.05000015645));
#3930=CARTESIAN_POINT('',(28.1,75.,29.05000015645));
#3931=CARTESIAN_POINT('',(41.,75.,29.05000015645));
#3932=CARTESIAN_POINT('',(37.775,75.,29.05000015645));
#3933=CARTESIAN_POINT('',(41.,75.,29.05000015645));
#3934=CARTESIAN_POINT('Origin',(34.55,75.,18.55));
#3935=CARTESIAN_POINT('',(28.1,75.,28.1));
#3936=CARTESIAN_POINT('',(28.1,75.,23.800000078225));
#3937=CARTESIAN_POINT('',(41.,75.,28.1));
#3938=CARTESIAN_POINT('',(37.775,75.,28.1));
#3939=CARTESIAN_POINT('',(41.,75.,23.325));
#3940=CARTESIAN_POINT('Origin',(28.1,75.,8.04999984355));
#3941=CARTESIAN_POINT('',(41.,73.,8.04999984355));
#3942=CARTESIAN_POINT('',(28.1,73.,8.04999984355));
#3943=CARTESIAN_POINT('',(31.325,73.,8.04999984355));
#3944=CARTESIAN_POINT('',(41.,75.,8.04999984355));
#3945=CARTESIAN_POINT('',(41.,75.,8.04999984355));
#3946=CARTESIAN_POINT('',(28.1,75.,8.04999984355));
#3947=CARTESIAN_POINT('',(31.325,75.,8.04999984355));
#3948=CARTESIAN_POINT('',(28.1,75.,8.04999984355));
#3949=CARTESIAN_POINT('Origin',(34.55,75.,18.55));
#3950=CARTESIAN_POINT('',(41.,75.,9.));
#3951=CARTESIAN_POINT('',(41.,75.,13.299999921775));
#3952=CARTESIAN_POINT('',(28.1,75.,9.));
#3953=CARTESIAN_POINT('',(31.325,75.,9.));
#3954=CARTESIAN_POINT('',(28.1,75.,13.775));
#3955=CARTESIAN_POINT('Origin',(34.55,73.,18.55));
#3956=CARTESIAN_POINT('',(43.05,73.,7.04999984355));
#3957=CARTESIAN_POINT('',(43.05,73.,30.05000015645));
#3958=CARTESIAN_POINT('',(43.05,73.,12.799999921775));
#3959=CARTESIAN_POINT('',(26.05,73.,30.05000015645));
#3960=CARTESIAN_POINT('',(38.8,73.,30.05000015645));
#3961=CARTESIAN_POINT('',(26.05,73.,7.04999984355));
#3962=CARTESIAN_POINT('',(26.05,73.,24.300000078225));
#3963=CARTESIAN_POINT('',(30.3,73.,7.04999984355));
#3964=CARTESIAN_POINT('',(28.1,73.,13.775));
#3965=CARTESIAN_POINT('',(41.,73.,23.325));
#3966=CARTESIAN_POINT('Origin',(26.05,75.,7.04999984355));
#3967=CARTESIAN_POINT('',(43.05,75.,7.04999984355));
#3968=CARTESIAN_POINT('',(26.05,75.,7.04999984355));
#3969=CARTESIAN_POINT('',(13.025,75.,7.04999984355));
#3970=CARTESIAN_POINT('',(43.05,75.,7.04999984355));
#3971=CARTESIAN_POINT('',(26.05,75.,7.04999984355));
#3972=CARTESIAN_POINT('Origin',(26.05,75.,30.05000015645));
#3973=CARTESIAN_POINT('',(26.05,75.,30.05000015645));
#3974=CARTESIAN_POINT('',(26.05,75.,27.525000078225));
#3975=CARTESIAN_POINT('',(26.05,75.,30.05000015645));
#3976=CARTESIAN_POINT('Origin',(43.05,75.,30.05000015645));
#3977=CARTESIAN_POINT('',(43.05,75.,30.05000015645));
#3978=CARTESIAN_POINT('',(21.525,75.,30.05000015645));
#3979=CARTESIAN_POINT('',(43.05,75.,30.05000015645));
#3980=CARTESIAN_POINT('Origin',(43.05,75.,7.04999984355));
#3981=CARTESIAN_POINT('',(43.05,75.,16.024999921775));
#3982=CARTESIAN_POINT('Origin',(27.05,78.,29.05000015645));
#3983=CARTESIAN_POINT('',(27.05,78.,29.05000015645));
#3984=CARTESIAN_POINT('',(27.05,78.,8.04999984355));
#3985=CARTESIAN_POINT('',(27.05,78.,27.025000078225));
#3986=CARTESIAN_POINT('',(27.05,76.,29.05000015645));
#3987=CARTESIAN_POINT('',(27.05,78.,29.05000015645));
#3988=CARTESIAN_POINT('',(27.05,76.,8.04999984355));
#3989=CARTESIAN_POINT('',(27.05,76.,29.05000015645));
#3990=CARTESIAN_POINT('',(27.05,78.,8.04999984355));
#3991=CARTESIAN_POINT('Origin',(42.05,78.,29.05000015645));
#3992=CARTESIAN_POINT('',(42.05,78.,29.05000015645));
#3993=CARTESIAN_POINT('',(21.025,78.,29.05000015645));
#3994=CARTESIAN_POINT('',(42.05,76.,29.05000015645));
#3995=CARTESIAN_POINT('',(42.05,78.,29.05000015645));
#3996=CARTESIAN_POINT('',(42.05,76.,29.05000015645));
#3997=CARTESIAN_POINT('Origin',(42.05,78.,8.04999984355));
#3998=CARTESIAN_POINT('',(42.05,78.,8.04999984355));
#3999=CARTESIAN_POINT('',(42.05,78.,16.524999921775));
#4000=CARTESIAN_POINT('',(42.05,76.,8.04999984355));
#4001=CARTESIAN_POINT('',(42.05,78.,8.04999984355));
#4002=CARTESIAN_POINT('',(42.05,76.,8.04999984355));
#4003=CARTESIAN_POINT('Origin',(27.05,78.,8.04999984355));
#4004=CARTESIAN_POINT('',(13.525,78.,8.04999984355));
#4005=CARTESIAN_POINT('',(27.05,76.,8.04999984355));
#4006=CARTESIAN_POINT('Origin',(34.55,76.,18.55));
#4007=CARTESIAN_POINT('',(41.,76.,28.1));
#4008=CARTESIAN_POINT('',(41.,76.,9.));
#4009=CARTESIAN_POINT('',(41.,76.,13.775));
#4010=CARTESIAN_POINT('',(28.1,76.,28.1));
#4011=CARTESIAN_POINT('',(37.775,76.,28.1));
#4012=CARTESIAN_POINT('',(28.1,76.,9.));
#4013=CARTESIAN_POINT('',(28.1,76.,23.325));
#4014=CARTESIAN_POINT('',(31.325,76.,9.));
#4015=CARTESIAN_POINT('Origin',(41.,78.,28.1));
#4016=CARTESIAN_POINT('',(28.1,75.,28.1));
#4017=CARTESIAN_POINT('',(41.,75.,28.1));
#4018=CARTESIAN_POINT('Origin',(41.,78.,9.));
#4019=CARTESIAN_POINT('',(41.,78.,9.));
#4020=CARTESIAN_POINT('Origin',(28.1,78.,9.));
#4021=CARTESIAN_POINT('',(28.1,75.,9.));
#4022=CARTESIAN_POINT('Origin',(28.1,78.,28.1));
#4023=CARTESIAN_POINT('Origin',(15.05,78.,15.04999984355));
#4024=CARTESIAN_POINT('',(21.05,75.,15.04999984355));
#4025=CARTESIAN_POINT('',(21.05,78.,15.04999984355));
#4026=CARTESIAN_POINT('Origin',(15.05,75.,15.04999984355));
#4027=CARTESIAN_POINT('Origin',(-49.,75.,5.));
#4028=CARTESIAN_POINT('',(-47.35,78.,5.));
#4029=CARTESIAN_POINT('Origin',(-49.,78.,5.));
#4030=CARTESIAN_POINT('',(-47.35,75.,5.));
#4031=CARTESIAN_POINT('',(-47.35,75.,5.));
#4032=CARTESIAN_POINT('Origin',(-49.,75.,5.));
#4033=CARTESIAN_POINT('Origin',(49.,75.,5.));
#4034=CARTESIAN_POINT('',(50.65,78.,5.));
#4035=CARTESIAN_POINT('Origin',(49.,78.,5.));
#4036=CARTESIAN_POINT('',(50.65,75.,5.));
#4037=CARTESIAN_POINT('',(50.65,75.,5.));
#4038=CARTESIAN_POINT('Origin',(49.,75.,5.));
#4039=CARTESIAN_POINT('Origin',(-49.,75.,45.));
#4040=CARTESIAN_POINT('',(-47.35,78.,45.));
#4041=CARTESIAN_POINT('Origin',(-49.,78.,45.));
#4042=CARTESIAN_POINT('',(-47.35,75.,45.));
#4043=CARTESIAN_POINT('',(-47.35,75.,45.));
#4044=CARTESIAN_POINT('Origin',(-49.,75.,45.));
#4045=CARTESIAN_POINT('Origin',(49.,75.,45.));
#4046=CARTESIAN_POINT('',(50.65,78.,45.));
#4047=CARTESIAN_POINT('Origin',(49.,78.,45.));
#4048=CARTESIAN_POINT('',(50.65,75.,45.));
#4049=CARTESIAN_POINT('',(50.65,75.,45.));
#4050=CARTESIAN_POINT('Origin',(49.,75.,45.));
#4051=CARTESIAN_POINT('Origin',(-26.5,77.,49.));
#4052=CARTESIAN_POINT('',(-53.,78.,49.));
#4053=CARTESIAN_POINT('',(-53.,77.,50.));
#4054=CARTESIAN_POINT('Origin',(-53.,77.,49.));
#4055=CARTESIAN_POINT('',(53.,77.,50.));
#4056=CARTESIAN_POINT('',(-26.5,77.,50.));
#4057=CARTESIAN_POINT('',(53.,78.,49.));
#4058=CARTESIAN_POINT('Origin',(53.,77.,49.));
#4059=CARTESIAN_POINT('',(-26.5,78.,49.));
#4060=CARTESIAN_POINT('Origin',(53.,77.,37.));
#4061=CARTESIAN_POINT('',(54.,77.,49.));
#4062=CARTESIAN_POINT('Origin',(53.,77.,49.));
#4063=CARTESIAN_POINT('',(54.,77.,0.999999999999996));
#4064=CARTESIAN_POINT('',(54.,77.,37.));
#4065=CARTESIAN_POINT('',(53.,78.,0.999999999999996));
#4066=CARTESIAN_POINT('Origin',(53.,77.,0.999999999999996));
#4067=CARTESIAN_POINT('',(53.,78.,37.));
#4068=CARTESIAN_POINT('Origin',(53.,77.,49.));
#4069=CARTESIAN_POINT('Origin',(53.,77.,49.));
#4070=CARTESIAN_POINT('Origin',(26.5,77.,1.00000000000001));
#4071=CARTESIAN_POINT('',(53.,77.,4.16333634234434E-15));
#4072=CARTESIAN_POINT('Origin',(53.,77.,1.00000000000001));
#4073=CARTESIAN_POINT('',(-53.,77.,0.));
#4074=CARTESIAN_POINT('',(26.5,77.,3.19189119579733E-15));
#4075=CARTESIAN_POINT('',(-53.,78.,1.));
#4076=CARTESIAN_POINT('Origin',(-53.,77.,1.));
#4077=CARTESIAN_POINT('',(26.5,78.,1.00000000000001));
#4078=CARTESIAN_POINT('Origin',(53.,77.,0.999999999999992));
#4079=CARTESIAN_POINT('Origin',(53.,77.,0.999999999999992));
#4080=CARTESIAN_POINT('Origin',(-53.,77.,13.));
#4081=CARTESIAN_POINT('',(-54.,77.,1.));
#4082=CARTESIAN_POINT('Origin',(-53.,77.,1.));
#4083=CARTESIAN_POINT('',(-54.,77.,49.));
#4084=CARTESIAN_POINT('',(-54.,77.,13.));
#4085=CARTESIAN_POINT('Origin',(-53.,77.,49.));
#4086=CARTESIAN_POINT('',(-53.,78.,13.));
#4087=CARTESIAN_POINT('Origin',(-53.,77.,0.999999999999999));
#4088=CARTESIAN_POINT('Origin',(-53.,77.,0.999999999999999));
#4089=CARTESIAN_POINT('Origin',(-53.,77.,49.));
#4090=CARTESIAN_POINT('Origin',(-53.,77.,49.));
#4091=CARTESIAN_POINT('Origin',(53.,75.,49.));
#4092=CARTESIAN_POINT('',(53.,75.,50.));
#4093=CARTESIAN_POINT('',(53.,75.,50.));
#4094=CARTESIAN_POINT('',(54.,75.,49.));
#4095=CARTESIAN_POINT('Origin',(53.,75.,49.));
#4096=CARTESIAN_POINT('',(54.,75.,49.));
#4097=CARTESIAN_POINT('Origin',(-53.,75.,50.));
#4098=CARTESIAN_POINT('',(-53.,75.,50.));
#4099=CARTESIAN_POINT('',(-53.,75.,50.));
#4100=CARTESIAN_POINT('',(-53.,75.,50.));
#4101=CARTESIAN_POINT('Origin',(-53.,75.,49.));
#4102=CARTESIAN_POINT('',(-54.,75.,49.));
#4103=CARTESIAN_POINT('',(-54.,75.,49.));
#4104=CARTESIAN_POINT('Origin',(-53.,75.,49.));
#4105=CARTESIAN_POINT('Origin',(-54.,75.,1.));
#4106=CARTESIAN_POINT('',(-54.,75.,1.));
#4107=CARTESIAN_POINT('',(-54.,75.,1.));
#4108=CARTESIAN_POINT('',(-54.,75.,1.));
#4109=CARTESIAN_POINT('Origin',(0.,78.,25.));
#4110=CARTESIAN_POINT('Origin',(-53.,75.,0.999999999999999));
#4111=CARTESIAN_POINT('',(-53.,75.,0.));
#4112=CARTESIAN_POINT('',(-53.,75.,0.));
#4113=CARTESIAN_POINT('Origin',(-53.,75.,0.999999999999999));
#4114=CARTESIAN_POINT('Origin',(53.,75.,4.16333634234434E-15));
#4115=CARTESIAN_POINT('',(53.,75.,4.16333634234434E-15));
#4116=CARTESIAN_POINT('',(53.,75.,4.16333634234434E-15));
#4117=CARTESIAN_POINT('',(53.,75.,4.16333634234434E-15));
#4118=CARTESIAN_POINT('Origin',(53.,75.,0.999999999999992));
#4119=CARTESIAN_POINT('',(54.,75.,0.999999999999996));
#4120=CARTESIAN_POINT('',(54.,75.,0.999999999999996));
#4121=CARTESIAN_POINT('Origin',(53.,75.,0.999999999999992));
#4122=CARTESIAN_POINT('Origin',(54.,75.,49.));
#4123=CARTESIAN_POINT('',(54.,75.,49.));
#4124=CARTESIAN_POINT('Origin',(0.,75.,25.));
#4125=UNCERTAINTY_MEASURE_WITH_UNIT(LENGTH_MEASURE(0.01),#4129,
'DISTANCE_ACCURACY_VALUE',
'Maximum model space distance between geometric entities at asserted c
onnectivities');
#4126=UNCERTAINTY_MEASURE_WITH_UNIT(LENGTH_MEASURE(0.01),#4129,
'DISTANCE_ACCURACY_VALUE',
'Maximum model space distance between geometric entities at asserted c
onnectivities');
#4127=(
GEOMETRIC_REPRESENTATION_CONTEXT(3)
GLOBAL_UNCERTAINTY_ASSIGNED_CONTEXT((#4125))
GLOBAL_UNIT_ASSIGNED_CONTEXT((#4129,#4131,#4132))
REPRESENTATION_CONTEXT('','3D')
);
#4128=(
GEOMETRIC_REPRESENTATION_CONTEXT(3)
GLOBAL_UNCERTAINTY_ASSIGNED_CONTEXT((#4126))
GLOBAL_UNIT_ASSIGNED_CONTEXT((#4129,#4131,#4132))
REPRESENTATION_CONTEXT('','3D')
);
#4129=(
LENGTH_UNIT()
NAMED_UNIT(*)
SI_UNIT(.MILLI.,.METRE.)
);
#4130=(
LENGTH_UNIT()
NAMED_UNIT(*)
SI_UNIT($,.METRE.)
);
#4131=(
NAMED_UNIT(*)
PLANE_ANGLE_UNIT()
SI_UNIT($,.RADIAN.)
);
#4132=(
NAMED_UNIT(*)
SI_UNIT($,.STERADIAN.)
SOLID_ANGLE_UNIT()
);
#4133=SHAPE_DEFINITION_REPRESENTATION(#4134,#4135);
#4134=PRODUCT_DEFINITION_SHAPE('',$,#4137);
#4135=SHAPE_REPRESENTATION('',(#2483),#4127);
#4136=PRODUCT_DEFINITION_CONTEXT('part definition',#4141,'design');
#4137=PRODUCT_DEFINITION('DPS-3005-Case-Flat v10',
'DPS-3005-Case-Flat v10 v1',#4138,#4136);
#4138=PRODUCT_DEFINITION_FORMATION('',$,#4143);
#4139=PRODUCT_RELATED_PRODUCT_CATEGORY('DPS-3005-Case-Flat v10 v1',
'DPS-3005-Case-Flat v10 v1',(#4143));
#4140=APPLICATION_PROTOCOL_DEFINITION('international standard',
'automotive_design',2009,#4141);
#4141=APPLICATION_CONTEXT(
'Core Data for Automotive Mechanical Design Process');
#4142=PRODUCT_CONTEXT('part definition',#4141,'mechanical');
#4143=PRODUCT('DPS-3005-Case-Flat v10','DPS-3005-Case-Flat v10 v1',$,(#4142));
#4144=PRESENTATION_STYLE_ASSIGNMENT((#4145));
#4145=SURFACE_STYLE_USAGE(.BOTH.,#4146);
#4146=SURFACE_SIDE_STYLE('',(#4147));
#4147=SURFACE_STYLE_FILL_AREA(#4148);
#4148=FILL_AREA_STYLE('Steel - Satin',(#4149));
#4149=FILL_AREA_STYLE_COLOUR('Steel - Satin',#4150);
#4150=COLOUR_RGB('Steel - Satin',0.627450980392157,0.627450980392157,0.627450980392157);
ENDSEC;
END-ISO-10303-21;
